Data Generated by,Optosky,,,,
File Version:,1.2,,,,
标题,2407261314296 80mw 1000ms,,,,
操作员,admin,,,,
描述,5度,,,,
扫描时间,2024/7/26 13:14,,,,
积分时间(ms),1000,,,,
激光功率(mW),80,,,,
平均次数,1,,,,
采集模式,高精采集,,,,
采样间隔,500,,,,
设备型号,ATR2500,,,,
像素个数,2048,,,,
设备序列号,20230520025,,,,
Pixel,Raman Shift,Raw,Dark,Dark Subtracted,BaseLine Subtracted
0,193.2293,9152,8666,486,167.99650885501873
1,195.9722,9152,8666,486,167.22378224403263
2,198.7144,9152,8666,486,166.14800159707875
3,201.4558,9152,8666,486,164.74287249238395
4,204.1965,9152,8666,486,162.94454590492091
5,206.9364,9152,8666,486,160.7065026441662
6,209.6757,9152,8666,486,157.94952809953452
7,212.4141,9152,8666,486,154.6004521745925
8,215.1519,9152,8666,486,150.71503830881426
9,217.8889,9176,8724,452,146.38324177437153
10,220.6251,9052,8578,474,141.67955105775255
11,223.3606,9023,8517,506,136.69757576911312
12,226.0954,8947,8511,436,131.481755699699
13,228.8294,8884,8451,433,126.05494110644436
14,231.5626,8864,8446,418,120.4994762221448
15,234.2951,8884,8469,415,114.89192231692152
16,237.0269,8845,8468,377,109.26297759416568
17,239.7578,8821,8381,440,103.64947241661383
18,242.4881,8882,8393,489,98.04308331483885
19,245.2175,8848,8429,419,92.42806109268489
20,247.9463,8788,8382,406,86.8927256843588
21,250.6742,8740,8364,376,81.5327745672289
22,253.4014,8702,8364,338,76.42583740024772
23,256.1278,8687,8296,391,71.6557376096061
24,258.8534,8796,8350,446,67.20175371634238
25,261.5783,8808,8363,445,62.997246597149726
26,264.3024,8786,8382,404,59.058447206363205
27,267.0258,8719,8350,369,55.38735663585436
28,269.7483,8641,8288,353,51.92286060610109
29,272.4701,8708,8305,403,48.62693068487828
30,275.1911,8722,8313,409,45.39286477456474
31,277.9114,8629,8265,364,42.11448601575481
32,280.6308,8689,8267,422,38.89392445925726
33,283.3495,8736,8324,412,35.87641664774647
34,286.0674,8684,8376,308,33.17246979794826
35,288.7845,8643,8310,333,30.917939960365274
36,291.5008,8632,8276,356,29.135427420310744
37,294.2163,8716,8349,367,27.794563236402563
38,296.9311,8846,8428,418,26.98652468276592
39,299.645,8722,8380,342,26.77631003099491
40,302.3582,8629,8331,298,27.12834200600237
41,305.0706,8614,8290,324,28.026721420734088
42,307.7822,8674,8348,326,29.31111281783734
43,310.4929,8717,8374,343,30.80194417028329
44,313.2029,8653,8350,303,32.61329035174684
45,315.9121,8664,8309,355,34.8733795644043
46,318.6205,8583,8281,302,37.67809878644391
47,321.3281,8617,8312,305,41.1381764337877
48,324.0349,8698,8329,369,45.038580186036164
49,326.7409,8652,8307,345,49.02988138769789
50,329.4461,8610,8336,274,52.98592896302334
51,332.1504,8597,8312,285,56.75805671159839
52,334.854,8638,8304,334,60.04564842424897
53,337.5567,8603,8302,301,62.6115978126722
54,340.2587,8610,8321,289,64.12589640227205
55,342.9598,8621,8294,327,64.28648436013216
56,345.6601,8646,8314,332,63.25590347760433
57,348.3596,8617,8294,323,61.37212722240153
58,351.0583,8543,8187,356,58.8898998217182
59,353.7562,8643,8310,333,56.106315285584415
60,356.4532,8894,8553,341,53.374653368761265
61,359.1495,8765,8455,310,51.039339114838484
62,361.8449,8538,8225,313,49.36505101976047
63,364.5395,8571,8229,342,48.647968605907046
64,367.2332,8591,8223,368,49.12391593384276
65,369.9262,8535,8146,389,50.845584357429786
66,372.6183,8516,8123,393,54.225609302829525
67,375.3095,8513,8158,355,59.68610261124923
68,378.0,8541,8228,313,66.76068175167853
69,380.6896,8495,8173,322,74.89643457711998
70,383.3784,8409,8079,330,83.81518651346316
71,386.0664,8508,8113,395,93.08408197708528
72,388.7535,8496,8083,413,103.04907682162373
73,391.4398,8352,8010,342,114.58777492735153
74,394.1252,8401,8020,381,127.2529689757625
75,396.8098,8398,8037,361,140.63335908557303
76,399.4936,8372,8018,354,156.0271046844623
77,402.1765,8432,8053,379,174.53635493667352
78,404.8586,8502,8047,455,197.5720075601667
79,407.5399,8440,7988,452,226.5963947299388
80,410.2203,8465,7998,467,259.8667594897717
81,412.8998,8562,7919,643,294.50020732846247
82,415.5785,8688,7976,712,329.2225489165521
83,418.2564,8609,7919,690,362.40825954631583
84,420.9334,8510,7816,694,391.81192084686086
85,423.6096,8670,7867,803,415.84316274936646
86,426.2849,8681,7863,818,431.5523386665142
87,428.9593,8510,7772,738,436.1385850146556
88,431.6329,8532,7785,747,430.74497409979494
89,434.3057,8557,7786,771,417.56102551855645
90,436.9775,8637,7869,768,398.2867654035996
91,439.6486,8496,7809,687,375.1451813772824
92,442.3187,8227,7706,521,349.08506521811387
93,444.9881,8178,7654,524,320.440322851547
94,447.6565,8088,7541,547,290.94067304053937
95,450.3241,7998,7438,560,262.2170914990762
96,452.9908,7950,7478,472,234.57974760982668
97,455.6567,8025,7593,432,208.20867788452892
98,458.3217,8079,7643,436,182.80998394832648
99,460.9858,7970,7542,428,157.90133467907003
100,463.6491,7843,7461,382,134.2925324238939
101,466.3114,7791,7425,366,112.96566390005268
102,468.973,7714,7384,330,94.60590704150079
103,471.6336,7711,7375,336,79.88167617328698
104,474.2934,7699,7319,380,68.5840679733138
105,476.9523,7675,7330,345,60.17319636696058
106,479.6103,7707,7448,259,54.38758040680595
107,482.2675,7669,7428,241,50.84691683783524
108,484.9237,7623,7347,276,49.23661398765978
109,487.5791,7543,7263,280,49.33393708272793
110,490.2336,7585,7293,292,50.575570931709805
111,492.8873,7567,7262,305,52.40818628274036
112,495.54,7572,7282,290,54.66042232215674
113,498.1919,7651,7379,272,57.1814722193834
114,500.8429,7629,7327,302,60.00068331139296
115,503.493,7580,7340,240,63.19013597382353
116,506.1422,7599,7375,224,66.32725500351391
117,508.7905,7586,7355,231,68.9526985435282
118,511.438,7535,7311,224,70.65974068933149
119,514.0845,7498,7235,263,71.04979526504117
120,516.7302,7550,7246,304,70.23928982903584
121,519.375,7567,7319,248,68.52873960042251
122,522.0188,7589,7359,230,66.04794852124415
123,524.6618,7651,7401,250,62.995071972477724
124,527.3039,7711,7429,282,59.55329005987565
125,529.9451,7723,7433,290,55.836833876804725
126,532.5854,7723,7413,310,52.162196470737015
127,535.2248,7654,7405,249,48.83985060611522
128,537.8633,7655,7444,211,45.851691893413104
129,540.5009,7709,7484,225,43.12335204014876
130,543.1377,7719,7510,209,40.554250784335295
131,545.7735,7707,7496,211,38.006097568249466
132,548.4084,7831,7578,253,35.56943524671897
133,551.0424,7951,7638,313,33.3853722210182
134,553.6755,7996,7662,334,31.503221483662106
135,556.3077,7969,7673,296,29.978257529473744
136,558.9389,7881,7654,227,28.788727807963177
137,561.5693,7847,7589,258,27.866275003983652
138,564.1988,7891,7583,308,27.219582749482928
139,566.8274,7776,7503,273,26.84861327218857
140,569.455,7716,7408,308,26.683099315291837
141,572.0818,7666,7415,251,26.660918656621096
142,574.7076,7611,7410,201,26.682427226577644
143,577.3325,7547,7307,240,26.646152580957587
144,579.9565,7488,7247,241,26.58680942138239
145,582.5796,7326,7112,214,26.57312532164996
146,585.2018,7275,7089,186,26.646986923382816
147,587.8231,7277,7089,188,26.86461266497881
148,590.4434,7235,7059,176,27.234153589332195
149,593.0628,7254,7075,179,27.738716216499824
150,595.6813,7383,7162,221,28.412478454338835
151,598.2989,7573,7302,271,29.283112959457984
152,600.9156,7622,7400,222,30.32889963195566
153,603.5313,7815,7595,220,31.5264679818855
154,606.1461,7905,7673,232,32.82361885810835
155,608.76,8015,7779,236,34.16074525701308
156,611.373,8040,7753,287,35.54896230489898
157,613.9851,7889,7600,289,37.00701885387033
158,616.5962,7921,7647,274,38.54014216992623
159,619.2064,8028,7752,276,40.1578164560313
160,621.8157,8041,7773,268,41.81076696679843
161,624.424,7874,7658,216,43.42608965684726
162,627.0314,7792,7534,258,44.9763886103176
163,629.6379,7730,7463,267,46.42901064898924
164,632.2434,7728,7442,286,47.72690515122888
165,634.8481,7708,7448,260,48.82863908053087
166,637.4517,7793,7495,298,49.65889010638195
167,640.0545,7826,7509,317,50.148008658231376
168,642.6563,7791,7521,270,50.33153913536743
169,645.2572,7786,7545,241,50.26906863587632
170,647.8571,7746,7524,222,50.018659267536506
171,650.4561,7682,7441,241,49.653460137336374
172,653.0542,7585,7352,233,49.18667084338123
173,655.6514,7413,7226,187,48.613597753806246
174,658.2475,7403,7200,203,47.97499308654873
175,660.8428,7435,7226,209,47.30626823352139
176,663.4371,7455,7260,195,46.63337393399963
177,666.0305,7550,7320,230,45.99620278820637
178,668.6229,7604,7393,211,45.38765848444937
179,671.2144,7599,7370,229,44.79540532377628
180,673.8049,7569,7327,242,44.29129367574334
181,676.3945,7491,7314,177,43.948884168257
182,678.9832,7563,7362,201,43.82681549345691
183,681.5709,7608,7422,186,43.98546228027292
184,684.1577,7579,7377,202,44.38891612595484
185,686.7435,7588,7345,243,44.952723451262266
186,689.3283,7641,7439,202,45.661009544410256
187,691.9122,7651,7429,222,46.48738480559075
188,694.4952,7724,7487,237,47.324823656332896
189,697.0772,7797,7544,253,48.07619571937731
190,699.6583,7680,7410,270,48.627273312243645
191,702.2384,7564,7365,199,48.85249283024297
192,704.8175,7643,7474,169,48.78440099617642
193,707.3957,7694,7507,187,48.51869349152283
194,709.973,7624,7426,198,48.02959359112074
195,712.5493,7508,7329,179,47.314341176562664
196,715.1246,7562,7346,216,46.460531872298105
197,717.699,7569,7297,272,45.515685620882245
198,720.2724,7621,7345,276,44.642697107261235
199,722.8449,7622,7391,231,44.00893983853029
200,725.4164,7648,7428,220,43.44021264483796
201,727.9869,7671,7429,242,42.69934831990783
202,730.5565,7704,7424,280,41.6301039009637
203,733.1252,7648,7376,272,40.02826499004413
204,735.6928,7667,7479,188,37.892766907743926
205,738.2595,7630,7394,236,35.330361119610856
206,740.8253,7543,7304,239,32.16016643061251
207,743.3901,7568,7364,204,28.269791383787584
208,745.9539,7674,7414,260,23.810806924575683
209,748.5167,7683,7451,232,18.87436018768532
210,751.0786,7643,7425,218,13.957436288153398
211,753.6395,7643,7392,251,9.590315886106264
212,756.1995,7724,7524,200,5.462662204352569
213,758.7585,7715,7513,202,1.2411872914646476
214,761.3165,7749,7509,240,-3.3978242796226765
215,763.8735,7745,7478,267,-8.868954876085507
216,766.4296,7687,7412,275,-14.493196669306856
217,768.9847,7780,7540,240,-19.239311236321768
218,771.5389,7767,7550,217,-22.90554081762301
219,774.092,7682,7424,258,-25.122103119821276
220,776.6442,7678,7471,207,-25.341456199028887
221,779.1955,7715,7478,237,-23.40114082566482
222,781.7457,7710,7442,268,-17.939266998027186
223,784.295,7713,7527,186,-7.813693577243258
224,786.8433,7725,7532,193,5.854668664343909
225,789.3906,7699,7499,200,21.799252338031415
226,791.937,7755,7481,274,37.718361136864374
227,794.4824,7745,7465,280,51.12162406633381
228,797.0268,7736,7487,249,62.846049494959985
229,799.5702,7676,7428,248,74.10999017016748
230,802.1127,7751,7467,284,85.78256165123645
231,804.6542,7835,7528,307,99.21619130880195
232,807.1947,7880,7598,282,112.57046187383763
233,809.7342,7854,7557,297,122.91805147004
234,812.2727,7728,7436,292,130.56954546193103
235,814.8103,7743,7495,248,135.5471812246081
236,817.3468,7801,7510,291,136.56758184383457
237,819.8824,7798,7445,353,134.10897928123083
238,822.4171,7819,7482,337,125.07767537190998
239,824.9507,7802,7482,320,106.10142342743049
240,827.4833,7801,7455,346,84.37789716947826
241,830.015,7790,7447,343,68.03067271107619
242,832.5457,7873,7540,333,61.5104078979169
243,835.0754,7887,7547,340,72.73731571247778
244,837.6041,7831,7473,358,99.16251712813657
245,840.1318,7884,7527,357,132.2529748350151
246,842.6586,7961,7545,416,187.52523146828548
247,845.1843,7982,7554,428,276.547404064624
248,847.7091,8013,7573,440,388.6592510784105
249,850.2329,8051,7454,597,524.5092107985206
250,852.7557,8168,7471,697,650.5663478829146
251,855.2775,8372,7526,846,722.5430485403801
252,857.7983,8517,7533,984,795.8026144178581
253,860.3181,8768,7660,1108,940.7103400156313
254,862.8369,9007,7589,1418,1163.837707525764
255,865.3548,9182,7465,1717,1482.967609367409
256,867.8716,9592,7555,2037,1877.9897380994207
257,870.3875,10016,7522,2494,2256.8009851925644
258,872.9024,10764,7828,2936,2670.5369877241246
259,875.4163,11489,7774,3715,3205.7212819708
260,877.9292,11503,7458,4045,3633.4239556991542
261,880.441,11644,7439,4205,3721.6443960348292
262,882.952,11204,7397,3807,3443.1986919191363
263,885.4619,10386,7374,3012,2785.971882334934
264,887.9708,9648,7485,2163,1984.2138225886042
265,890.4787,9009,7519,1490,1358.6389715985417
266,892.9856,8558,7449,1109,919.680858138405
267,895.4915,8270,7436,834,594.2379573474918
268,897.9965,8161,7501,660,395.6445475450226
269,900.5004,8010,7464,546,325.3570804790878
270,903.0033,7874,7457,417,304.7354608949646
271,905.5053,7929,7552,377,247.98503111101365
272,908.0062,7909,7546,363,167.3105592289919
273,910.5062,7778,7416,362,92.84961118419253
274,913.0051,7789,7476,313,41.89253336897476
275,915.5031,7859,7588,271,39.9123115286985
276,918.0,7932,7644,288,69.15323023728722
277,920.4959,7848,7535,313,99.26673986628973
278,922.9909,7819,7492,327,124.00109469085871
279,925.4848,7784,7448,336,137.38744329719106
280,927.9778,7801,7502,299,137.76266466281882
281,930.4697,7778,7510,268,129.61236285417277
282,932.9607,7792,7519,273,108.34257330527734
283,935.4506,7819,7568,251,70.67890424822876
284,937.9395,7770,7504,266,23.96565631615741
285,940.4275,7714,7451,263,-24.710574471908526
286,942.9144,7711,7457,254,-62.84438844610831
287,945.4003,7718,7509,209,-77.52041639991575
288,947.8853,7727,7516,211,-73.41538445803398
289,950.3692,7689,7462,227,-59.075613717366835
290,952.8521,7667,7389,278,-41.24632929550754
291,955.334,7655,7394,261,-28.046802061775317
292,957.8149,7631,7418,213,-18.63639212598894
293,960.2948,7587,7358,229,-9.30882351954823
294,962.7737,7548,7345,203,-0.3756142762237318
295,965.2516,7567,7370,197,8.307604412237566
296,967.7284,7579,7307,272,16.246311531623924
297,970.2043,7513,7253,260,22.22004936936596
298,972.6792,7437,7207,230,26.990341390684396
299,975.153,7486,7260,226,31.446639803274998
300,977.6259,7591,7355,236,35.17935557488207
301,980.0977,7555,7299,256,37.9505068852234
302,982.5685,7566,7318,248,38.85302639399767
303,985.0384,7654,7405,249,37.034300470084595
304,987.5072,7663,7324,339,33.762427730079764
305,989.975,7545,7241,304,30.486597234277443
306,992.4418,7539,7309,230,28.97065562895776
307,994.9076,7581,7323,258,31.280713803004097
308,997.3723,7619,7302,317,36.787759281170686
309,999.8361,7615,7314,301,44.25077705792337
310,1002.2988,7686,7372,314,54.09102069915047
311,1004.7606,7713,7356,357,66.30088529510229
312,1007.2213,7678,7299,379,81.50776401820862
313,1009.681,7691,7285,406,101.58889742102009
314,1012.1397,7725,7251,474,124.90032207015871
315,1014.5974,7799,7312,487,149.645067222569
316,1017.0541,7772,7300,472,179.8532206205715
317,1019.5097,7707,7243,464,219.45168517494326
318,1021.9644,7775,7282,493,271.9276417356362
319,1024.418,7802,7267,535,341.14370811518756
320,1026.8707,7793,7162,631,422.93742583562323
321,1029.3223,7770,7100,670,509.5964084920008
322,1031.7729,7857,7085,772,599.5593331789246
323,1034.2224,7989,7079,910,690.3473737035994
324,1036.671,8103,7101,1002,774.1742719995526
325,1039.1186,8230,7097,1133,844.8481540820438
326,1041.5651,8371,7172,1199,892.4155167452283
327,1044.0106,8464,7248,1216,907.0821290443126
328,1046.4551,8566,7279,1287,894.1473570436426
329,1048.8986,8541,7272,1269,863.2476636071023
330,1051.3411,8489,7272,1217,820.1929207548526
331,1053.7825,8391,7256,1135,772.6394206525188
332,1056.223,8300,7300,1000,725.4088459273274
333,1058.6624,8241,7293,948,680.7142836840552
334,1061.1008,8194,7294,900,646.7760828909584
335,1063.5382,8198,7350,848,630.9063756265176
336,1065.9746,8187,7296,891,631.7274040985175
337,1068.4099,8178,7260,918,646.3525708882612
338,1070.8442,8196,7330,866,668.6622674440521
339,1073.2776,8137,7327,810,691.7665287493004
340,1075.7099,8239,7325,914,716.231857606388
341,1078.1411,8389,7308,1081,742.962601414132
342,1080.5714,8513,7386,1127,774.6987994107023
343,1083.0006,8538,7365,1173,814.1878620267793
344,1085.4289,8532,7293,1239,854.1674569514244
345,1087.8561,8723,7402,1321,886.320986348578
346,1090.2823,8810,7478,1332,902.5014574586997
347,1092.7074,8708,7383,1325,894.3879638699962
348,1095.1316,8721,7320,1401,864.8117514328313
349,1097.5547,8640,7362,1278,820.3837668501404
350,1099.9768,8543,7405,1138,763.7625031893596
351,1102.3979,8381,7355,1026,698.993498275652
352,1104.818,8294,7319,975,629.6683395473023
353,1107.237,8186,7316,870,557.851763472446
354,1109.655,8058,7311,747,490.12427104039136
355,1112.072,8023,7290,733,432.7331004213555
356,1114.488,7974,7269,705,384.9846538046011
357,1116.903,8053,7345,708,345.08724319865394
358,1119.3169,8065,7394,671,309.47848562316227
359,1121.7298,7927,7329,598,274.0655774558955
360,1124.1417,7853,7299,554,240.59179989310692
361,1126.5526,7853,7324,529,211.43154193685868
362,1128.9625,7898,7378,520,189.45460997841369
363,1131.3713,7910,7409,501,177.46837275708367
364,1133.7791,7859,7390,469,172.17691738530146
365,1136.1859,7778,7315,463,169.31328893317897
366,1138.5917,7742,7294,448,164.5030709343826
367,1140.9964,7693,7319,374,153.19625514481305
368,1143.4002,7651,7348,303,136.74983643483017
369,1145.8029,7643,7325,318,118.17190151625307
370,1148.2045,7689,7325,364,99.14271148611412
371,1150.6052,7633,7251,382,81.8148087666531
372,1153.0048,7652,7229,423,66.32632121694498
373,1155.4034,7639,7228,411,51.90941000560847
374,1157.801,7593,7242,351,39.319578633219436
375,1160.1976,7614,7282,332,29.220687320076657
376,1162.5931,7668,7335,333,21.364462928996353
377,1164.9877,7670,7310,360,15.46684252958718
378,1167.3812,7619,7274,345,10.907907493308882
379,1169.7736,7572,7201,371,6.919213956762251
380,1172.1651,7617,7195,422,3.554530460357116
381,1174.5555,7654,7219,435,1.0561250462923173
382,1176.9449,7539,7185,354,-0.6394788952785968
383,1179.3333,7535,7197,338,-1.552184961538151
384,1181.7206,7586,7232,354,-1.8161246084851428
385,1184.107,7576,7209,367,-1.6534173457418637
386,1186.4923,7541,7181,360,-1.0817580666803992
387,1188.8766,7547,7170,377,-0.10665802674511471
388,1191.2598,7471,7112,359,1.089213975715087
389,1193.6421,7397,7062,335,2.331551894370846
390,1196.0233,7418,7048,370,3.435461193806269
391,1198.4035,7426,7044,382,4.228237064650758
392,1200.7826,7419,7061,358,4.750516374168718
393,1203.1608,7461,7136,325,5.126012302175391
394,1205.5379,7532,7195,337,5.457538426599877
395,1207.914,7581,7230,351,5.862348072801817
396,1210.289,7691,7258,433,6.470449185168888
397,1212.6631,7693,7212,481,7.424277559987379
398,1215.0361,7656,7284,372,8.781713389261949
399,1217.4081,7632,7239,393,10.619399152748668
400,1219.7791,7726,7263,463,13.102220092159941
401,1222.149,7759,7321,438,16.31868246775791
402,1224.5179,7652,7210,442,20.530277188656974
403,1226.8858,7746,7290,456,26.02386823019032
404,1229.2527,7756,7303,453,32.52956212357695
405,1231.6186,7661,7253,408,39.69255453489695
406,1233.9834,7791,7380,411,47.41617893076559
407,1236.3472,7864,7375,489,55.50314481929885
408,1238.71,7733,7251,482,64.07909109543127
409,1241.0717,7802,7317,485,73.58616989703752
410,1243.4324,7888,7362,526,83.62939390008523
411,1245.7921,7751,7268,483,93.81217483086134
412,1248.1508,7722,7237,485,104.98174209614888
413,1250.5085,7818,7291,527,117.91529423753975
414,1252.8651,7913,7352,561,133.4498244639461
415,1255.2207,7844,7243,601,152.48572131333523
416,1257.5753,7777,7168,609,173.94481149485503
417,1259.9289,7829,7172,657,195.96843581569829
418,1262.2814,7941,7197,744,217.92724634843626
419,1264.6329,8194,7428,766,238.98911905787054
420,1266.9834,8314,7433,881,257.5156891970639
421,1269.3329,8152,7206,946,272.2672568524
422,1271.6813,8080,7168,912,281.21116730801975
423,1274.0287,8060,7138,922,282.3760634534807
424,1276.3751,8051,7218,833,276.7526654591005
425,1278.7205,8007,7218,789,266.2188480017143
426,1281.0648,8016,7213,803,251.92000559799735
427,1283.4081,8002,7228,774,235.374584517322
428,1285.7504,7930,7245,685,217.7094700299029
429,1288.0917,7883,7235,648,199.56794074545792
430,1290.4319,7807,7133,674,182.65962276850834
431,1292.7712,7826,7122,704,168.6297193866112
432,1295.1094,7883,7218,665,157.28610272220266
433,1297.4466,7877,7228,649,148.02491560510487
434,1299.7827,7915,7227,688,140.31102431544758
435,1302.1178,7805,7142,663,133.3738533569745
436,1304.452,7749,7099,650,127.22725812182001
437,1306.785,7765,7097,668,122.1702685004435
438,1309.1171,7744,7084,660,117.94462889763564
439,1311.4481,7779,7163,616,114.31119787765138
440,1313.7782,7830,7173,657,111.3612981014551
441,1316.1072,7792,7115,677,109.21351480382229
442,1318.4351,7828,7198,630,108.05145508701632
443,1320.7621,7910,7176,734,108.09195976476045
444,1323.088,7821,7047,774,109.35352574522855
445,1325.4129,7801,7048,753,111.78411543276148
446,1327.7368,7808,7059,749,115.35630449537527
447,1330.0597,7820,7081,739,120.04293946068402
448,1332.3815,7931,7164,767,125.76980780226843
449,1334.7023,7914,7153,761,132.3894216258083
450,1337.0221,7854,7132,722,139.93115590411327
451,1339.3409,7928,7149,779,148.41333850926716
452,1341.6586,7946,7158,788,157.4979180431251
453,1343.9754,7899,7152,747,166.85840384379165
454,1346.2911,7919,7098,821,176.15651911221957
455,1348.6058,7877,7046,831,185.02011923580605
456,1350.9194,7934,7094,840,193.6496993585242
457,1353.2321,7993,7131,862,202.47154281292066
458,1355.5437,8027,7180,847,211.48424654423113
459,1357.8543,8113,7181,932,220.76361707710538
460,1360.1639,8054,7105,949,230.6604875521242
461,1362.4725,8037,7123,914,241.37763299012505
462,1364.78,8028,7075,953,253.52343376954872
463,1367.0865,7919,6972,947,267.68266763303797
464,1369.392,7944,7006,938,283.2944099774825
465,1371.6965,8011,7070,941,299.577874954708
466,1374.0,8006,7067,939,315.8515272456259
467,1376.3024,8002,7041,961,331.2924242024333
468,1378.6039,8013,7040,973,345.8274849736619
469,1380.9043,8042,7057,985,359.6530079757604
470,1383.2037,8029,7007,1022,372.3385213195325
471,1385.502,7945,6981,964,383.6336071482876
472,1387.7994,8021,7090,931,393.5443543714376
473,1390.0957,8100,7098,1002,401.90667468371583
474,1392.391,8039,7004,1035,409.6156379061662
475,1394.6853,8026,7011,1015,417.58640666096977
476,1396.9786,8124,7076,1048,425.1652892138227
477,1399.2709,8156,7107,1049,431.84534456742927
478,1401.5621,8082,7041,1041,436.5903293976138
479,1403.8523,7993,6974,1019,438.2604377740973
480,1406.1416,7997,6949,1048,438.7594055067542
481,1408.4297,8004,6944,1060,440.5890290028345
482,1410.7169,8028,6965,1063,445.05783763748667
483,1413.0031,8045,6956,1089,454.0355555704401
484,1415.2882,8082,7005,1077,467.7506467658223
485,1417.5723,8102,7002,1100,485.3103633075693
486,1419.8555,8138,6934,1204,509.59724227218544
487,1422.1376,8216,6998,1218,542.6209840354143
488,1424.4186,8182,7016,1166,582.5953023515003
489,1426.6987,8221,6976,1245,628.5855369924192
490,1428.9777,8297,6985,1312,673.9165135369391
491,1431.2558,8331,6977,1354,711.7143704148452
492,1433.5328,8444,7025,1419,747.1245367906536
493,1435.8088,8467,7006,1461,785.5982306184054
494,1438.0838,8536,7008,1528,833.622512291026
495,1440.3578,8634,7002,1632,898.8867780072641
496,1442.6307,8641,6950,1691,972.4744746397008
497,1444.9027,8740,6950,1790,1040.758821657436
498,1447.1736,8903,6985,1918,1100.2990277619156
499,1449.4435,8984,7036,1948,1145.457746918468
500,1451.7124,8951,7013,1938,1171.3836558305297
501,1453.9803,8950,7005,1945,1179.0400700241087
502,1456.2472,8822,6965,1857,1153.5192168694243
503,1458.5131,8629,6914,1715,1081.9435363547236
504,1460.7779,8538,6948,1590,979.7968626608965
505,1463.0418,8467,7038,1429,864.5966617554614
506,1465.3046,8321,6978,1343,762.443552248087
507,1467.5664,8213,6940,1273,700.4888169112126
508,1469.8272,8196,6973,1223,669.2745777778998
509,1472.087,8149,6944,1205,651.51019385383
510,1474.3458,8275,7077,1198,633.1281423865034
511,1476.6036,8336,7109,1227,597.754187587248
512,1478.8604,8222,7020,1202,550.1517216094304
513,1481.1161,8174,6970,1204,501.0962988474488
514,1483.3709,8046,6878,1168,454.4544617492364
515,1485.6246,7945,6872,1073,415.00568908501003
516,1487.8773,7904,6922,982,381.28812524164425
517,1490.1291,7889,6956,933,349.1997878943662
518,1492.3798,7897,6979,918,318.7792575781569
519,1494.6295,7859,6949,910,289.9066479947955
520,1496.8782,7802,6920,882,262.4751037801398
521,1499.1259,7718,6909,809,237.26851119967492
522,1501.3725,7776,7036,740,213.07055970905364
523,1503.6182,7738,6991,747,188.65215919864906
524,1505.8629,7681,6894,787,165.5007637923226
525,1508.1065,7713,6928,785,145.18946207234984
526,1510.3492,7623,6906,717,129.66674292696726
527,1512.5908,7594,6880,714,120.98762279675972
528,1514.8315,7567,6871,696,117.92615318927187
529,1517.0711,7504,6859,645,118.28325010638989
530,1519.3098,7532,6860,672,120.89102854659632
531,1521.5474,7539,6885,654,124.30017921201154
532,1523.784,7573,6910,663,127.545304221851
533,1526.0196,7531,6859,672,130.2082679867429
534,1528.2542,7448,6815,633,130.92347044603287
535,1530.4878,7386,6820,566,128.39869993758694
536,1532.7204,7353,6784,569,123.01472883430982
537,1534.952,7372,6767,605,115.56896764859366
538,1537.1826,7377,6795,582,106.6680167941745
539,1539.4122,7356,6805,551,97.15768415772156
540,1541.6408,7295,6748,547,87.41282766210716
541,1543.8684,7244,6660,584,77.52625257022243
542,1546.095,7256,6663,593,68.22469986051809
543,1548.3206,7280,6729,551,60.19692058379816
544,1550.5452,7360,6826,534,53.312155777310785
545,1552.7688,7407,6856,551,47.3013254454572
546,1554.9914,7312,6736,576,41.83170451743885
547,1557.213,7234,6651,583,36.46402491053323
548,1559.4336,7230,6666,564,31.286190074655423
549,1561.6532,7204,6697,507,26.533927052723058
550,1563.8718,7153,6628,525,22.172185500989972
551,1566.0893,7028,6522,506,18.191204520867736
552,1568.3059,7017,6491,526,14.586160128424945
553,1570.5215,7023,6537,486,11.29503500860466
554,1572.7361,6998,6570,428,8.41191857602888
555,1574.9497,6956,6488,468,6.038644849350817
556,1577.1623,6868,6445,423,4.056655672552637
557,1579.374,6944,6493,451,2.3360292667123934
558,1581.5846,6965,6480,485,0.7385984060852651
559,1583.7942,6915,6459,456,-0.8836385209900726
560,1586.0028,6956,6504,452,-2.4442180000914986
561,1588.2104,6862,6446,416,-3.7823330869316596
562,1590.4171,6804,6424,380,-4.8337572402016535
563,1592.6227,6842,6424,418,-5.5124496599203425
564,1594.8273,6887,6461,426,-5.742124448111614
565,1597.031,6844,6382,462,-5.491160980407427
566,1599.2337,6723,6277,446,-4.636871876617696
567,1601.4353,6744,6296,448,-3.0679159317218043
568,1603.636,6807,6366,441,-0.8594204820950864
569,1605.8357,6813,6414,399,1.8747384910396014
570,1608.0344,6806,6369,437,5.010474237842449
571,1610.232,6775,6318,457,8.397993223293724
572,1612.4288,6776,6312,464,12.001764872083946
573,1614.6245,6873,6423,450,15.815091330473736
574,1616.8192,6822,6353,469,19.76734577112941
575,1619.0129,6621,6170,451,23.79572781040724
576,1621.2057,6629,6215,414,27.825307486204526
577,1623.3974,6754,6324,430,31.760219103823665
578,1625.5882,6820,6387,433,35.57084301048316
579,1627.778,6873,6420,453,39.22979491766443
580,1629.9668,6838,6415,423,42.62943148691725
581,1632.1546,6728,6341,387,45.67089388002344
582,1634.3414,6795,6390,405,48.23811591571187
583,1636.5272,6768,6333,435,50.2206438127184
584,1638.712,6660,6228,432,51.651907096553586
585,1640.8959,6629,6259,370,52.609440692947715
586,1643.0788,6654,6268,386,53.14465348506337
587,1645.2606,6643,6261,382,53.32929626689843
588,1647.4415,6702,6334,368,53.20199808942939
589,1649.6215,6740,6346,394,52.78212004967222
590,1651.8004,6680,6339,341,52.14381355085177
591,1653.9783,6689,6320,369,51.35914656059075
592,1656.1553,6769,6362,407,50.445284283063124
593,1658.3313,6743,6331,412,49.41608482204284
594,1660.5063,6690,6289,401,48.26439376508703
595,1662.6803,6900,6533,367,46.976411658311044
596,1664.8533,6914,6524,390,45.60257343544378
597,1667.0254,6742,6397,345,44.201578028187335
598,1669.1965,6783,6475,308,42.81865812430278
599,1671.3666,6831,6474,357,41.49998884600233
600,1673.5357,6866,6498,368,40.24297295488817
601,1675.7038,6995,6616,379,39.02480796247945
602,1677.871,6971,6596,375,37.84800433783001
603,1680.0372,6907,6573,334,36.70904157057733
604,1682.2024,6973,6601,372,35.59185004218538
605,1684.3666,6909,6537,372,34.48671011765893
606,1686.5298,6803,6474,329,33.364367538227484
607,1688.6921,6821,6490,331,32.19514459139999
608,1690.8534,6833,6486,347,30.998276000949744
609,1693.0137,6820,6434,386,29.804531928140023
610,1695.173,6780,6446,334,28.636259904889318
611,1697.3314,6757,6409,348,27.52083450743141
612,1699.4888,6860,6521,339,26.46777794889246
613,1701.6452,6816,6497,319,25.477269469917612
614,1703.8007,6754,6403,351,24.56651186842378
615,1705.9551,6728,6391,337,23.75045487800183
616,1708.1086,6696,6326,370,23.02581850824728
617,1710.2611,6634,6264,370,22.38724323394123
618,1712.4127,6590,6256,334,21.82272971688433
619,1714.5633,6631,6279,352,21.317236090233518
620,1716.7129,6644,6357,287,20.873972116956324
621,1718.8615,6562,6277,285,20.498925541501805
622,1721.0092,6559,6232,327,20.191855597992316
623,1723.1559,6591,6312,279,19.953327890303324
624,1725.3016,6595,6317,278,19.774059398271103
625,1727.4464,6590,6268,322,19.639659287547104
626,1729.5902,6545,6230,315,19.545672486599923
627,1731.733,6581,6258,323,19.48681992583026
628,1733.8749,6567,6264,303,19.449353093561847
629,1736.0158,6543,6272,271,19.421711603448472
630,1738.1557,6543,6232,311,19.38730998683709
631,1740.2947,6496,6195,301,19.330230006671975
632,1742.4327,6466,6211,255,19.255945601018865
633,1744.5697,6539,6276,263,19.175908685764984
634,1746.7058,6519,6212,307,19.098303740748232
635,1748.8409,6475,6168,307,19.03413932966917
636,1750.975,6564,6285,279,18.988023981076548
637,1753.1082,6567,6273,294,18.961368043904645
638,1755.2404,6535,6244,291,18.963375513160813
639,1757.3717,6519,6252,267,19.00271310607893
640,1759.502,6521,6256,265,19.080864131557007
641,1761.6313,6476,6210,266,19.19887818205222
642,1763.7597,6485,6190,295,19.35445199571857
643,1765.8871,6575,6290,285,19.54426458106875
644,1768.0135,6619,6380,239,19.773560685501845
645,1770.139,6560,6326,234,20.048479771066045
646,1772.2636,6562,6295,267,20.373545374679225
647,1774.3872,6518,6239,279,20.753238934716894
648,1776.5098,6457,6209,248,21.184917597693676
649,1778.6314,6453,6196,257,21.66317072522158
650,1780.7521,6490,6235,255,22.18549527537145
651,1782.8719,6581,6297,284,22.748436623913147
652,1784.9907,6513,6249,264,23.347872466595902
653,1787.1085,6448,6208,240,23.98056689362275
654,1789.2254,6434,6188,246,24.64039084874861
655,1791.3414,6411,6103,308,25.32122141123376
656,1793.4563,6468,6180,288,26.022419242421
657,1795.5704,6426,6172,254,26.744364316386182
658,1797.6835,6376,6078,298,27.48736082659988
659,1799.7956,6443,6126,317,28.2522998807212
660,1801.9068,6483,6191,292,29.036712096174124
661,1804.017,6496,6254,242,29.83715925393768
662,1806.1263,6817,6558,259,30.651985899150983
663,1808.2346,6724,6437,287,31.479309192482653
664,1810.342,6433,6209,224,32.31739508359796
665,1812.4484,6461,6229,232,33.16504213059026
666,1814.5539,6468,6193,275,34.019498037223634
667,1816.6584,6358,6095,263,34.877992174550634
668,1818.762,6334,6054,280,35.739891068285374
669,1820.8646,6330,6056,274,36.604529526698734
670,1822.9663,6418,6132,286,37.47160129691588
671,1825.0671,6476,6208,268,38.3408850490103
672,1827.1669,6431,6215,216,39.20907494610256
673,1829.2657,6451,6187,264,40.07198309741624
674,1831.3637,6519,6202,317,40.926587194728036
675,1833.4606,6477,6192,285,41.7695616989374
676,1835.5567,6448,6198,250,42.59809276085765
677,1837.6518,6429,6145,284,43.41009360193526
678,1839.7459,6371,6103,268,44.201982439844485
679,1841.8391,6375,6127,248,44.97048620307511
680,1843.9314,6336,6074,262,45.71494751707498
681,1846.0227,6356,6081,275,46.435086007656864
682,1848.1131,6442,6148,294,47.13157959755342
683,1850.2026,6447,6183,264,47.80552011925574
684,1852.2911,6485,6251,234,48.455213922562514
685,1854.3786,6488,6233,255,49.07866895466687
686,1856.4653,6570,6288,282,49.67467165730288
687,1858.551,6575,6344,231,50.24187949501636
688,1860.6358,6591,6371,220,50.7811794738796
689,1862.7196,6624,6401,223,51.294445339468744
690,1864.8025,6564,6348,216,51.78160906976794
691,1866.8845,6585,6354,231,52.24284751666168
692,1868.9655,6611,6384,227,52.67961358262004
693,1871.0456,6633,6377,256,53.09274871451514
694,1873.1248,6654,6412,242,53.4846214629233
695,1875.203,6662,6424,238,53.857351334494545
696,1877.2803,6704,6453,251,54.20837236516382
697,1879.3567,6621,6384,237,54.53410716904735
698,1881.4321,6544,6318,226,54.8308648681394
699,1883.5066,6537,6288,249,55.09434694176213
700,1885.5802,6593,6300,293,55.32327767644931
701,1887.6529,6620,6314,306,55.517157443039494
702,1889.7246,6618,6352,266,55.673780960003086
703,1891.7954,6628,6389,239,55.79126181396521
704,1893.8653,6542,6320,222,55.867311874421056
705,1895.9342,6524,6298,226,55.89898959606906
706,1898.0023,6602,6353,249,55.88573677682015
707,1900.0694,6589,6334,255,55.827124801024155
708,1902.1355,6554,6296,258,55.71987729261201
709,1904.2008,6501,6264,237,55.56113117332491
710,1906.2651,6496,6237,259,55.347472191824785
711,1908.3285,6513,6246,267,55.075728187161495
712,1910.391,6432,6235,197,54.748211469638264
713,1912.4526,6401,6194,207,54.36900601374895
714,1914.5132,6436,6198,238,53.94099803460529
715,1916.573,6422,6178,244,53.467901002793106
716,1918.6318,6460,6213,247,52.952608741793505
717,1920.6897,6478,6255,223,52.39727530452718
718,1922.7466,6558,6339,219,51.806347490868006
719,1924.8027,6588,6363,225,51.18422911901828
720,1926.8578,6441,6229,212,50.53243746002082
721,1928.9121,6410,6210,200,49.852209426348274
722,1930.9654,6475,6243,232,49.14422025693726
723,1933.0178,6455,6227,228,48.4088132152782
724,1935.0692,6412,6199,213,47.64922276629838
725,1937.1198,6414,6206,208,46.86925342163406
726,1939.1694,6397,6209,188,46.07164204346899
727,1941.2182,6361,6189,172,45.25932083085339
728,1943.266,6365,6159,206,44.43394665859519
729,1945.3129,6396,6209,187,43.596337664851426
730,1947.3589,6385,6213,172,42.74907086977778
731,1949.404,6408,6206,202,41.89458467583401
732,1951.4482,6398,6224,174,41.033291643636844
733,1953.4915,6364,6185,179,40.1658108873392
734,1955.5339,6330,6160,170,39.29202412733369
735,1957.5753,6306,6160,146,38.41169977150703
736,1959.6159,6274,6099,175,37.528453126034385
737,1961.6556,6273,6046,227,36.64699081282956
738,1963.6943,6198,5980,218,35.770500921719076
739,1965.7321,6137,5954,183,34.90254448443802
740,1967.7691,6143,5950,193,34.04618892931267
741,1969.8051,6143,5945,198,33.20356020982582
742,1971.8402,6120,5941,179,32.37863461576987
743,1973.8745,6119,5946,173,31.575011314178308
744,1975.9078,6144,5935,209,30.79264474043465
745,1977.9402,6161,5953,208,30.03084865427982
746,1979.9718,6133,5954,179,29.288063591212758
747,1982.0024,6146,6002,144,28.562152964620058
748,1984.0321,6113,5937,176,27.85418927592707
749,1986.061,6070,5913,157,27.165725541343033
750,1988.0889,6120,5946,174,26.497025861836786
751,1990.1159,6034,5863,171,25.848532588093555
752,1992.1421,5999,5855,144,25.218862835655965
753,1994.1673,6006,5866,140,24.605593429955256
754,1996.1917,5997,5866,131,24.008621650539364
755,1998.2151,6086,5955,131,23.42767679390759
756,2000.2377,6057,5913,144,22.860280656209696
757,2002.2594,5919,5783,136,22.304488036170014
758,2004.2801,5881,5773,108,21.75706256191137
759,2006.3,5880,5781,99,21.21495249474797
760,2008.319,5895,5799,96,20.68063314708639
761,2010.3371,5972,5842,130,20.15802634323056
762,2012.3543,5909,5779,130,19.650344055869777
763,2014.3707,5822,5726,96,19.161522982922186
764,2016.3861,5982,5872,110,18.693327698890677
765,2018.4007,5963,5847,116,18.24658297551467
766,2020.4143,5852,5737,115,17.824352862728073
767,2022.4271,5850,5739,111,17.429422291043988
768,2024.439,5885,5767,118,17.062929652188707
769,2026.45,5845,5718,127,16.726159081342225
770,2028.4601,5799,5671,128,16.418660986165026
771,2030.4694,5780,5684,96,16.1396382206978
772,2032.4777,5761,5667,94,15.891760385229354
773,2034.4852,5776,5661,115,15.677817708125998
774,2036.4918,5838,5729,109,15.500017125189766
775,2038.4975,5833,5719,114,15.360570215815335
776,2040.5023,5788,5670,118,15.257882817946868
777,2042.5063,5810,5691,119,15.188709751521468
778,2044.5094,5884,5764,120,15.151969313935302
779,2046.5116,5957,5822,135,15.14602692788414
780,2048.5129,5932,5797,135,15.167616787602457
781,2050.5133,5842,5735,107,15.213992674066018
782,2052.5129,5779,5691,88,15.280677867795118
783,2054.5116,5786,5696,90,15.363077017196893
784,2056.5094,5798,5697,101,15.461693225277816
785,2058.5064,5794,5706,88,15.578283879736396
786,2060.5024,5809,5717,92,15.713191100276955
787,2062.4976,5821,5707,114,15.867296130774207
788,2064.492,5813,5692,121,16.040023118004896
789,2066.4854,5899,5756,143,16.22961891827113
790,2068.478,5881,5735,146,16.436748923304947
791,2070.4697,5806,5680,126,16.661684232823465
792,2072.4606,5798,5643,155,16.901162691488157
793,2074.4505,5806,5692,114,17.151572483221173
794,2076.4397,5851,5778,73,17.407978231963575
795,2078.4279,5856,5765,91,17.664934575220173
796,2080.4153,5893,5810,83,17.92122561796772
797,2082.4018,5879,5815,64,18.176278356973054
798,2084.3874,5855,5756,99,18.428208381324225
799,2086.3722,5915,5809,106,18.67551940174434
800,2088.3562,5934,5836,98,18.91407624188766
801,2090.3392,5954,5831,123,19.13836520054062
802,2092.3214,5985,5873,112,19.346235410067635
803,2094.3027,6009,5884,125,19.535462922130883
804,2096.2832,5997,5894,103,19.70080574618546
805,2098.2628,5965,5866,99,19.83788364855417
806,2100.2416,6007,5913,94,19.941000352879378
807,2102.2195,5946,5882,64,20.004791516792757
808,2104.1965,5860,5798,62,20.031593203922288
809,2106.1727,5888,5805,83,20.026162607261515
810,2108.1481,5912,5809,103,19.9916241328053
811,2110.1225,5913,5822,91,19.932253629309667
812,2112.0962,5915,5827,88,19.851147075302794
813,2114.0689,5936,5819,117,19.75032436907299
814,2116.0408,5886,5808,78,19.634963562073857
815,2118.0119,5876,5820,56,19.51019187627111
816,2119.9821,5950,5877,73,19.376925903458805
817,2121.9515,5957,5885,72,19.235572287113598
818,2123.92,5904,5833,71,19.086041570814455
819,2125.8877,5903,5838,65,18.92774638028657
820,2127.8545,5868,5822,46,18.763765531688207
821,2129.8204,5881,5828,53,18.598043549900336
822,2131.7855,5894,5796,98,18.43283036335504
823,2133.7498,5854,5756,98,18.270656054986176
824,2135.7132,5869,5799,70,18.113162155447267
825,2137.6758,5864,5803,61,17.961045418915894
826,2139.6376,5856,5770,86,17.81723268400092
827,2141.5985,5867,5772,95,17.684572357010218
828,2143.5585,5873,5810,63,17.562764367107413
829,2145.5177,5844,5759,85,17.451577673827522
830,2147.4761,5806,5727,79,17.35027132901159
831,2149.4336,5780,5711,69,17.25785920840903
832,2151.3903,5829,5748,81,17.17808704169626
833,2153.3461,5834,5751,83,17.116231345027217
834,2155.3012,5860,5781,79,17.075017243697918
835,2157.2553,5863,5793,70,17.057562459896104
836,2159.2087,6092,6013,79,17.067455951359413
837,2161.1612,6076,5960,116,17.107095141029536
838,2163.1128,5897,5809,88,17.181007051560535
839,2165.0637,5832,5766,66,17.29328283000595
840,2167.0137,5775,5702,73,17.44204832447313
841,2168.9628,5782,5700,82,17.62395323105644
842,2170.9111,5818,5752,66,17.835638396315716
843,2172.8587,5826,5722,104,18.07282142128794
844,2174.8053,5834,5725,109,18.33414656578592
845,2176.7512,5837,5737,100,18.619081299455583
846,2178.6962,5871,5760,111,18.92479389354222
847,2180.6404,6049,5960,89,19.248606812109625
848,2182.5837,6017,5917,100,19.588301236203876
849,2184.5262,5897,5804,93,19.94111180659696
850,2186.4679,5902,5802,100,20.306168511385494
851,2188.4088,5939,5838,101,20.6826969849462
852,2190.3489,5878,5792,86,21.06676794917807
853,2192.2881,5854,5798,56,21.454462933741524
854,2194.2265,5850,5796,54,21.841696031801273
855,2196.1641,5811,5731,80,22.224395097252113
856,2198.1009,5883,5805,78,22.602807383360428
857,2200.0368,5933,5830,103,22.978645220718324
858,2201.9719,5913,5789,124,23.352108515801948
859,2203.9062,5951,5902,49,23.72395969174776
860,2205.8397,5897,5843,54,24.0948989836106
861,2207.7724,5827,5720,107,24.464948861405272
862,2209.7042,5784,5709,75,24.835952728149696
863,2211.6353,6032,5970,62,25.20969006919971
864,2213.5655,5957,5889,68,25.584609577672794
865,2215.4949,5770,5703,67,25.958562539705014
866,2217.4235,5883,5794,89,26.329408168884086
867,2219.3513,5940,5854,86,26.694604311759576
868,2221.2783,5902,5837,65,27.053797299394095
869,2223.2044,5912,5838,74,27.407297358299903
870,2225.1298,5915,5799,116,27.754044986853273
871,2227.0543,5885,5779,106,28.093211722077992
872,2228.978,5896,5793,103,28.42414250711204
873,2230.901,5857,5784,73,28.745763424144265
874,2232.8231,5812,5751,61,29.058504716978927
875,2234.7444,5759,5687,72,29.362864497108344
876,2236.6649,5794,5709,85,29.656930592583763
877,2238.5846,5830,5744,86,29.93879468308258
878,2240.5035,5826,5736,90,30.2064254328059
879,2242.4216,5876,5773,103,30.457669288043054
880,2244.3389,6101,6009,92,30.6936703867969
881,2246.2553,6039,5908,131,30.916683898217535
882,2248.171,5867,5734,133,31.127211026090958
883,2250.0859,5885,5786,99,31.32610850717452
884,2252.0,5892,5816,76,31.514584899295286
885,2253.9133,5862,5814,48,31.69306048554652
886,2255.8258,5865,5778,87,31.86372364965297
887,2257.7375,5873,5769,104,32.02849447871573
888,2259.6484,5856,5755,101,32.18507702204718
889,2261.5585,5818,5720,98,32.33035592946635
890,2263.4678,5891,5789,102,32.460875256727306
891,2265.3763,5912,5847,65,32.572612757729715
892,2267.284,5956,5862,94,32.664617394162576
893,2269.191,5952,5837,115,32.73666137704759
894,2271.0971,5895,5804,91,32.78693608524214
895,2273.0024,5841,5792,49,32.81394030286115
896,2274.907,5774,5735,39,32.81550306190152
897,2276.8108,5792,5717,75,32.78871903480925
898,2278.7138,5820,5726,94,32.73306674533078
899,2280.616,5865,5784,81,32.648121318439806
900,2282.5174,5898,5856,42,32.53064641377927
901,2284.418,5849,5775,74,32.37781575864716
902,2286.3178,5844,5754,90,32.18628042873843
903,2288.2169,5834,5783,51,31.952887958228906
904,2290.1152,5892,5824,68,31.679898674848396
905,2292.0127,6027,5924,103,31.371380932088414
906,2293.9094,5972,5847,125,31.02996227807501
907,2295.8053,5922,5807,115,30.65907502639859
908,2297.7005,5927,5831,96,30.261770651865845
909,2299.5948,5910,5830,80,29.840354463999322
910,2301.4884,5877,5790,87,29.39939703691563
911,2303.3812,5884,5809,75,28.94345767761437
912,2305.2733,5909,5819,90,28.473563708774876
913,2307.1645,5895,5775,120,27.99021555233566
914,2309.055,5861,5765,96,27.493802486887308
915,2310.9448,5860,5767,93,26.984310556438217
916,2312.8337,5904,5824,80,26.464347742051707
917,2314.7219,5950,5861,89,25.937255199660942
918,2316.6093,5897,5825,72,25.404912995676256
919,2318.4959,5868,5810,58,24.86944343464626
920,2320.3818,5850,5781,69,24.33287185530191
921,2322.2669,5848,5760,88,23.796650100807973
922,2324.1512,5833,5770,63,23.263914353354924
923,2326.0347,5906,5838,68,22.737816722338508
924,2327.9175,5978,5889,89,22.218820178464775
925,2329.7995,5959,5872,87,21.707360938659946
926,2331.6808,5942,5844,98,21.203668723153605
927,2333.5613,5880,5793,87,20.70776546167826
928,2335.441,5897,5839,58,20.223275793395928
929,2337.32,5917,5840,77,19.755027260320333
930,2339.1982,5911,5852,59,19.305729396001187
931,2341.0757,5913,5870,43,18.878375522982388
932,2342.9524,5884,5822,62,18.47651676993584
933,2344.8283,5860,5785,75,18.102756161646916
934,2346.7035,5900,5850,50,17.761395244493016
935,2348.5779,5917,5846,71,17.456372502161333
936,2350.4515,5918,5823,95,17.186662101497173
937,2352.3245,5942,5879,63,16.950010684503404
938,2354.1966,5900,5852,48,16.74413412570453
939,2356.068,5912,5855,57,16.565971207954394
940,2357.9386,5978,5909,69,16.414957579018942
941,2359.8085,5987,5913,74,16.291205217055996
942,2361.6777,6007,5931,76,16.192900066371035
943,2363.5461,6026,5962,64,16.11836061517057
944,2365.4137,5958,5899,59,16.066157523790977
945,2367.2806,5931,5856,75,16.03434497652825
946,2369.1468,5941,5878,63,16.02265799419487
947,2371.0122,5941,5897,44,16.030891204011432
948,2372.8768,5903,5845,58,16.05610505911151
949,2374.7407,5893,5843,50,16.095389909763604
950,2376.6039,5997,5920,77,16.14561994126859
951,2378.4663,6044,5955,89,16.203677215181447
952,2380.328,6064,5946,118,16.270315146317138
953,2382.1889,6095,5970,125,16.34757739727738
954,2384.0491,5954,5873,81,16.436171914467124
955,2385.9086,5876,5810,66,16.537296515281767
956,2387.7673,5914,5875,39,16.652012381139738
957,2389.6253,5934,5879,55,16.780744372652414
958,2391.4825,5949,5889,60,16.92553058135882
959,2393.339,5905,5838,67,17.08832642567821
960,2395.1948,5922,5821,101,17.268131094492404
961,2397.0498,5981,5887,94,17.46340547961001
962,2398.9042,6171,6109,62,17.672564851872718
963,2400.7577,6160,6098,62,17.893639142673585
964,2402.6106,6092,6031,61,18.126587515781054
965,2404.4627,6103,6056,47,18.37193345381015
966,2406.314,6130,6101,29,18.62891491152274
967,2408.1647,6067,6024,43,18.896929285223678
968,2410.0146,5984,5943,41,19.17550655073608
969,2411.8638,6024,5949,75,19.463728474771052
970,2413.7123,6067,5998,69,19.761998963137643
971,2415.56,6071,6022,49,20.07075772938873
972,2417.407,6063,5970,93,20.388095731893923
973,2419.2533,6076,5981,95,20.712024270491263
974,2421.0989,6098,6022,76,21.040560218758518
975,2422.9437,6085,6013,72,21.371532573677275
976,2424.7878,6045,5969,76,21.70563504587087
977,2426.6312,6039,5959,80,22.044625681758284
978,2428.4739,6070,5950,120,22.388335267621784
979,2430.3159,6043,5933,110,22.73685039738122
980,2432.1571,5990,5940,50,23.09122118996033
981,2433.9977,6076,6022,54,23.451785274220768
982,2435.8375,6143,6053,90,23.820299763612738
983,2437.6766,6159,6053,106,24.198330456558473
984,2439.515,6173,6100,73,24.582879755978347
985,2441.3526,6317,6280,37,24.969803077553173
986,2443.1896,6242,6199,43,25.355483520178183
987,2445.0258,6083,6022,61,25.735683505992306
988,2446.8614,6073,5976,97,26.10802526740958
989,2448.6962,6068,5944,124,26.47097336002865
990,2450.5303,6036,5964,72,26.82099358184275
991,2452.3637,6149,6103,46,27.154803736501897
992,2454.1964,6111,6029,82,27.470777505458116
993,2456.0284,5980,5902,78,27.767172204667595
994,2457.8597,5944,5896,48,28.04372940400075
995,2459.6903,6000,5932,68,28.300563141254408
996,2461.5202,5982,5911,71,28.534462665014022
997,2463.3493,5965,5892,73,28.74199136052787
998,2465.1778,5994,5927,67,28.920698319244003
999,2467.0056,6010,5942,68,29.06804448424905
1000,2468.8327,5952,5880,72,29.1845107363673
1001,2470.659,5917,5835,82,29.27224447918636
1002,2472.4847,5966,5848,118,29.33074454768795
1003,2474.3097,6077,5951,126,29.35995744015461
1004,2476.134,6063,5951,112,29.362994070028712
1005,2477.9576,6014,5902,112,29.342638095579574
1006,2479.7805,6002,5897,105,29.302957437771497
1007,2481.6027,5997,5918,79,29.24833464346575
1008,2483.4242,5986,5913,73,29.17685647829476
1009,2485.245,6033,5929,104,29.084680203720534
1010,2487.0651,6027,5927,100,28.971061180944773
1011,2488.8845,5941,5884,57,28.834656079153014
1012,2490.7033,5928,5881,47,28.673821830002638
1013,2492.5213,5915,5856,59,28.488480689690803
1014,2494.3387,5960,5886,74,28.275483005828736
1015,2496.1554,6027,5957,70,28.032128877737463
1016,2497.9714,6058,5996,62,27.76334573445532
1017,2499.7867,6028,5966,62,27.4756910706408
1018,2501.6013,6041,5966,75,27.175654418686648
1019,2503.4153,6022,5975,47,26.870820184984176
1020,2505.2285,6045,5964,81,26.564214744223015
1021,2507.0411,6067,5970,97,26.257393270836637
1022,2508.853,6030,5955,75,25.95543893412419
1023,2510.6642,5988,5911,77,25.662872752152587
1024,2512.4748,5975,5897,78,25.38302002154347
1025,2514.2847,6066,5984,82,25.120144553558923
1026,2516.0938,6025,5931,94,24.87455546973795
1027,2517.9024,5971,5885,86,24.646053713349616
1028,2519.7102,6008,5933,75,24.441399019616632
1029,2521.5174,6029,5950,79,24.267365131993074
1030,2523.3239,6051,5956,95,24.12969445808279
1031,2525.1297,5992,5903,89,24.034281289438066
1032,2526.9348,5953,5870,83,23.978454005705807
1033,2528.7393,5948,5874,74,23.95561826459109
1034,2530.5431,5954,5879,75,23.964995911531478
1035,2532.3463,5979,5892,87,24.004584540788606
1036,2534.1488,5998,5909,89,24.06702009034456
1037,2535.9506,6056,5967,89,24.146205113210012
1038,2537.7517,6098,6003,95,24.232044267608423
1039,2539.5522,6071,5975,96,24.314041791498447
1040,2541.352,6085,6024,61,24.39602980417725
1041,2543.1512,6107,6028,79,24.485687081141634
1042,2544.9497,6234,6157,77,24.58559748415761
1043,2546.7475,6193,6115,78,24.69988422107543
1044,2548.5447,6043,5955,88,24.83021552936772
1045,2550.3412,6066,5976,90,24.974803382325202
1046,2552.137,6091,6028,63,25.139154737180462
1047,2553.9322,6091,6020,71,25.32760285601206
1048,2555.7268,6106,6059,47,25.531488302779977
1049,2557.5207,6115,6083,32,25.74034956359903
1050,2559.3139,6037,5994,43,25.940621747376454
1051,2561.1065,5999,5950,49,26.11687962480083
1052,2562.8984,5995,5906,89,26.26673522008039
1053,2564.6897,6047,5961,86,26.390210330325115
1054,2566.4803,6031,5983,48,26.482062147146905
1055,2568.2703,6028,5973,55,26.538359285761672
1056,2570.0596,6061,5991,70,26.54926352163214
1057,2571.8483,6089,5989,100,26.50091997540393
1058,2573.6363,6065,5964,101,26.390320073182167
1059,2575.4237,6037,5947,90,26.214521776238904
1060,2577.2104,6150,6064,86,25.9588194866622
1061,2578.9965,6198,6081,117,25.61067868369999
1062,2580.782,6046,5984,62,25.154650875245316
1063,2582.5668,5974,5940,34,24.57599912722867
1064,2584.351,6018,5965,53,23.8847718015343
1065,2586.1345,6055,6012,43,23.099377454995214
1066,2587.9174,6059,6036,23,22.230671687455796
1067,2589.6997,6055,6006,49,21.293146422702886
1068,2591.4813,6089,6012,77,20.300802018380708
1069,2593.2623,6091,6004,87,19.263918282526454
1070,2595.0426,6095,5996,99,18.20358781255014
1071,2596.8223,6111,6036,75,17.140788006546988
1072,2598.6014,6077,6001,76,16.077264857464208
1073,2600.3798,6050,5978,72,15.011474782418142
1074,2602.1577,6051,5954,97,13.942445359030085
1075,2603.9348,6321,6224,97,12.866911326689422
1076,2605.7114,6231,6150,81,11.79427790270194
1077,2607.4873,6036,5952,84,10.738123100363005
1078,2609.2626,6013,5969,44,9.703171076738796
1079,2611.0373,6049,5993,56,8.695669492728046
1080,2612.8113,6098,5998,100,7.724516833805469
1081,2614.5847,6091,6023,68,6.796064763449259
1082,2616.3575,6112,6046,66,5.926406163908954
1083,2618.1297,6104,5998,106,5.132081688475948
1084,2619.9013,6076,5968,108,4.41214239221765
1085,2621.6722,6055,6007,48,3.7650651855446657
1086,2623.4425,6063,6043,20,3.188957636041346
1087,2625.2122,6110,6055,55,2.6805450144880503
1088,2626.9812,6074,5987,87,2.2582813627980407
1089,2628.7497,6050,5992,58,1.9479984592045074
1090,2630.5175,6117,6079,38,1.7618531908217943
1091,2632.2848,6111,6031,80,1.713699191697689
1092,2634.0514,6075,5997,78,1.8214019539464932
1093,2635.8174,6081,5991,90,2.0968115574383983
1094,2637.5827,6037,5946,91,2.5628417146181732
1095,2639.3475,6034,5965,69,3.239878920440308
1096,2641.1117,6039,5969,70,4.116076111087825
1097,2642.8752,6075,6006,69,5.171914235478171
1098,2644.6382,6106,6023,83,6.386496683414197
1099,2646.4005,6112,6021,91,7.733962508727828
1100,2648.1622,6051,5974,77,9.20663982358046
1101,2649.9233,6037,5964,73,10.801178515364997
1102,2651.6838,6057,5973,84,12.502139573368092
1103,2653.4438,6061,5997,64,14.295143836602756
1104,2655.2031,6058,6008,50,16.164025334991123
1105,2656.9618,6049,5979,70,18.088311387080168
1106,2658.7199,6076,6036,40,20.060431481660277
1107,2660.4774,6092,6034,58,22.07284246150952
1108,2662.2343,6140,6026,114,24.100485738289322
1109,2663.9906,6113,6008,105,26.119730557572936
1110,2665.7463,6038,5923,115,28.10285110695466
1111,2667.5014,6014,5932,82,30.022773587106308
1112,2669.2559,6016,5939,77,31.883099370955442
1113,2671.0098,6034,5943,91,33.696407269193266
1114,2672.7632,6046,5970,76,35.468523419046775
1115,2674.5159,6007,5919,88,37.20946482315501
1116,2676.2681,6029,5922,107,38.92147500384862
1117,2678.0196,6098,6011,87,40.601705569172175
1118,2679.7706,6057,5997,60,42.261107249474506
1119,2681.521,6037,5931,106,43.90941262657807
1120,2683.2708,6131,6005,126,45.54107377697191
1121,2685.02,6132,6007,125,47.15017169604379
1122,2686.7686,6071,5943,128,48.7228333265677
1123,2688.5166,6028,5912,116,50.2431548775642
1124,2690.2641,6050,5915,135,51.717878399873285
1125,2692.0109,6105,5952,153,53.15628088965502
1126,2693.7572,6100,5951,149,54.562642257255824
1127,2695.5029,6111,5973,138,55.942819304998935
1128,2697.2481,6098,5950,148,57.28367919358986
1129,2698.9926,6141,5989,152,58.56369507327684
1130,2700.7366,6130,5994,136,59.778174040731564
1131,2702.48,6170,5999,171,60.92005339205044
1132,2704.2228,6185,5998,187,61.97017754511924
1133,2705.965,6153,5949,204,62.91430804888561
1134,2707.7067,6150,5944,206,63.72429365060476
1135,2709.4478,6163,5991,172,64.37291077448339
1136,2711.1883,6135,5945,190,64.87458542771378
1137,2712.9283,6152,5939,213,65.2519207053512
1138,2714.6677,6176,5962,214,65.52432970724483
1139,2716.4065,6127,5930,197,65.71652050182131
1140,2718.1447,6081,5913,168,65.82607191730655
1141,2719.8824,6143,5962,181,65.84111287669549
1142,2721.6195,6170,5977,193,65.77238053438094
1143,2723.3561,6134,5965,169,65.62507417993939
1144,2725.0921,6081,5911,170,65.39590873858617
1145,2726.8275,6076,5922,154,65.08827692008171
1146,2728.5624,6121,5943,178,64.67084793623792
1147,2730.2967,6089,5936,153,64.11128892832788
1148,2732.0304,6079,5940,139,63.43231190935491
1149,2733.7636,6078,5917,161,62.65442171923098
1150,2735.4962,6100,5929,171,61.80967823223338
1151,2737.2283,6070,5909,161,60.93211205863083
1152,2738.9598,6050,5864,186,59.96590422260887
1153,2740.6907,6095,5922,173,58.83206410560664
1154,2742.4211,6067,5920,147,57.48501752934622
1155,2744.151,6012,5868,144,55.869410606871135
1156,2745.8803,6051,5920,131,53.956305178890226
1157,2747.609,6129,5982,147,51.742259698648674
1158,2749.3372,6101,5923,178,49.1665080907534
1159,2751.0649,6193,5992,201,46.18295767377961
1160,2752.792,6124,5974,150,42.82934816756824
1161,2754.5185,6011,5888,123,39.14732794997233
1162,2756.2445,6046,5901,145,35.24152518502496
1163,2757.97,6032,5895,137,31.229791847527096
1164,2759.6949,6018,5912,106,27.08840527695846
1165,2761.4193,6012,5903,109,22.786751093715942
1166,2763.1431,6021,5890,131,18.309824934481586
1167,2764.8664,6029,5900,129,13.634157954885302
1168,2766.5891,6000,5893,107,8.89626577101749
1169,2768.3113,6063,5920,143,4.289869038989806
1170,2770.033,6096,5957,139,-0.1023164870533595
1171,2771.7541,6088,5957,131,-4.179099121273848
1172,2773.4747,6074,5934,140,-7.802828117053576
1173,2775.1948,6026,5930,96,-10.884621988766096
1174,2776.9143,5991,5914,77,-13.216431872122012
1175,2778.6333,6048,5948,100,-14.610603530593961
1176,2780.3518,6130,6002,128,-15.167415492005691
1177,2782.0697,6089,5931,158,-15.032090489861677
1178,2783.7871,5995,5845,150,-14.395840831232688
1179,2785.504,6001,5829,172,-13.493549321414648
1180,2787.2203,5974,5828,146,-12.285751821724928
1181,2788.9361,5997,5879,118,-10.677295409343252
1182,2790.6514,6026,5887,139,-8.722237984588176
1183,2792.3662,5989,5864,125,-6.443520135332844
1184,2794.0804,6016,5886,130,-3.9540782309592153
1185,2795.7942,5995,5858,137,-1.4680029655598439
1186,2797.5074,6006,5859,147,1.0810411457207287
1187,2799.22,6057,5873,184,3.7592537827753905
1188,2800.9322,6042,5874,168,6.2413973706416535
1189,2802.6438,6068,5903,165,8.234121364561945
1190,2804.3549,6011,5861,150,9.38916622670691
1191,2806.0655,6009,5829,180,9.346003660501037
1192,2807.7756,6046,5818,228,8.421079652307608
1193,2809.4852,6047,5839,208,7.1619589649628175
1194,2811.1943,6134,5941,193,5.783254831888467
1195,2812.9028,6085,5904,181,4.591391704623801
1196,2814.6108,6044,5860,184,3.9697848818647685
1197,2816.3183,6341,6141,200,4.147033875735717
1198,2818.0254,6319,6123,196,5.758016697625646
1199,2819.7319,6113,5934,179,9.414729430216376
1200,2821.4378,6100,5894,206,14.82612542400954
1201,2823.1433,6100,5840,260,21.563233003410794
1202,2824.8483,6072,5836,236,29.21077755601475
1203,2826.5528,6105,5849,256,37.21053690190804
1204,2828.2568,6108,5829,279,45.74807222462951
1205,2829.9602,6148,5907,241,55.251600523065164
1206,2831.6632,6118,5878,240,65.46832667044337
1207,2833.3656,6078,5830,248,76.26033156872118
1208,2835.0676,6092,5812,280,87.74441823665803
1209,2836.7691,6202,5888,314,99.74828533747724
1210,2838.47,6242,5955,287,113.02450348574166
1211,2840.1705,6241,5931,310,128.39891924512185
1212,2841.8705,6217,5855,362,144.74411747416696
1213,2843.57,6220,5832,388,160.81411859652866
1214,2845.2689,6213,5886,327,175.71085718895364
1215,2846.9674,6251,5925,326,188.3438216510182
1216,2848.6654,6284,5875,409,199.6689433303037
1217,2850.363,6356,5925,431,211.66124034494075
1218,2852.06,6420,6000,420,224.2331250921606
1219,2853.7565,6320,5891,429,237.47559776508962
1220,2855.4525,6301,5804,497,253.55737504581984
1221,2857.1481,6346,5841,505,274.20028942998124
1222,2858.8432,6434,5868,566,302.02927977517203
1223,2860.5378,6544,5884,660,339.66056880980085
1224,2862.2319,6562,5873,689,384.7989503926656
1225,2863.9255,6606,5856,750,433.5878593348826
1226,2865.6186,6659,5866,793,483.9167407397754
1227,2867.3113,6723,5848,875,533.1253258315647
1228,2869.0035,6732,5804,928,578.6576343316241
1229,2870.6952,6773,5800,973,618.8707237571009
1230,2872.3864,6811,5860,951,650.2685738604889
1231,2874.0771,6775,5833,942,669.6049344516031
1232,2875.7674,6747,5806,941,677.7661056513027
1233,2877.4572,6746,5788,958,676.7028476717859
1234,2879.1465,6740,5800,940,668.35983080512
1235,2880.8354,6741,5816,925,655.1918246743311
1236,2882.5237,6691,5806,885,638.0694149200964
1237,2884.2116,6717,5873,844,617.4380162128388
1238,2885.8991,6715,5872,843,594.3905703288076
1239,2887.586,6614,5832,782,570.0351340002494
1240,2889.2725,6584,5826,758,545.6791344045122
1241,2890.9586,6527,5811,716,522.4149286622088
1242,2892.6442,6474,5770,704,501.56425300821206
1243,2894.3293,6477,5806,671,484.5381945989532
1244,2896.0139,6477,5852,625,470.9573839210237
1245,2897.6981,6442,5811,631,460.0409475027513
1246,2899.3818,6407,5791,616,452.4147551485408
1247,2901.0651,6455,5811,644,448.19790876814426
1248,2902.7479,6480,5829,651,447.86731019075665
1249,2904.4302,6526,5890,636,453.15239609822123
1250,2906.1121,6541,5883,658,461.8403448636557
1251,2907.7935,6521,5833,688,471.5499451523281
1252,2909.4745,6495,5799,696,486.6353556233057
1253,2911.155,6560,5818,742,511.33141654560467
1254,2912.8351,6673,5881,792,549.5451158928655
1255,2914.5147,6766,5907,859,605.5923146326878
1256,2916.1939,6820,5878,942,674.3240288097755
1257,2917.8726,6881,5829,1052,746.5722525832048
1258,2919.5508,7006,5865,1141,819.9862723048819
1259,2921.2287,7038,5858,1180,891.2501632979809
1260,2922.906,7101,5839,1262,951.6639371673801
1261,2924.583,7262,5853,1409,994.4729328804524
1262,2926.2594,7258,5888,1370,1008.9435451890732
1263,2927.9355,7155,5856,1299,984.5601410906193
1264,2929.6111,7099,5845,1254,927.3133888473043
1265,2931.2862,6946,5799,1147,848.1872600077086
1266,2932.9609,6745,5764,981,753.5129118134957
1267,2934.6352,6723,5850,873,651.6582279989484
1268,2936.309,6641,5854,787,549.1931148235647
1269,2937.9824,6561,5832,729,449.79631827220817
1270,2939.6554,6545,5877,668,363.51891222147856
1271,2941.3279,6418,5866,552,299.9015106120034
1272,2943.0,6313,5811,502,256.85217865864706
1273,2944.6717,6278,5795,483,229.80077398058586
1274,2946.3429,6210,5770,440,214.15431674401265
1275,2948.0137,6226,5806,420,203.76800684423532
1276,2949.684,6231,5811,420,198.55907024555094
1277,2951.354,6310,5907,403,200.31194049659885
1278,2953.0235,6303,5935,368,206.8622818052143
1279,2954.6926,6159,5791,368,216.3393794988667
1280,2956.3612,6135,5789,346,227.88444178481393
1281,2958.0294,6141,5787,354,240.04015258322667
1282,2959.6972,6227,5813,414,253.59110476364583
1283,2961.3646,6239,5807,432,269.52941199825096
1284,2963.0316,6223,5761,462,285.10988028112354
1285,2964.6981,6261,5784,477,297.3966070463871
1286,2966.3642,6326,5835,491,303.50967896893957
1287,2968.0299,6319,5796,523,300.53476230773225
1288,2969.6952,6297,5787,510,289.5940530783065
1289,2971.3601,6271,5772,499,273.17911539469014
1290,2973.0245,6256,5794,462,252.38612921525444
1291,2974.6886,6259,5811,448,228.7713776331465
1292,2976.3522,6253,5836,417,203.7594483016616
1293,2978.0154,6236,5835,401,178.19245357124692
1294,2979.6782,6155,5772,383,154.3189163781813
1295,2981.3406,6128,5797,331,134.33601244160832
1296,2983.0025,6107,5791,316,117.87206487068475
1297,2984.6641,6044,5722,322,103.99629992573881
1298,2986.3253,6030,5743,287,91.89297087817555
1299,2987.986,6043,5794,249,80.43921698392009
1300,2989.6464,6002,5774,228,69.68416968752143
1301,2991.3063,6043,5831,212,60.08280760671707
1302,2992.9658,6038,5873,165,51.32095055600159
1303,2994.625,5941,5807,134,43.11925318407222
1304,2996.2837,6055,5893,162,35.53763875283665
1305,2997.9421,6035,5893,142,28.612659341557446
1306,2999.6,5877,5765,112,22.558132866552913
1307,3001.2575,5861,5770,91,17.63550041820354
1308,3002.9147,5858,5755,103,13.710052039048215
1309,3004.5714,5871,5718,153,10.553697077933183
1310,3006.2278,5887,5748,139,8.033013737174688
1311,3007.8837,5850,5764,86,5.996480987031969
1312,3009.5393,5848,5753,95,4.368241146179617
1313,3011.1945,5853,5727,126,3.0970390607637803
1314,3012.8493,5889,5771,118,2.1176532657989604
1315,3014.5037,5903,5782,121,1.363445591648702
1316,3016.1577,5843,5756,87,0.7157923451074524
1317,3017.8113,5826,5722,104,0.06378240518492007
1318,3019.4645,5840,5731,109,-0.716100739648283
1319,3021.1174,5856,5777,79,-1.7372056464224315
1320,3022.7698,5829,5749,80,-2.976722682324251
1321,3024.4219,5835,5766,69,-4.368974358007808
1322,3026.0736,5789,5739,50,-5.867507420400065
1323,3027.7249,5810,5739,71,-7.4041440747479115
1324,3029.3759,5914,5844,70,-8.947078463402727
1325,3031.0264,5848,5782,66,-10.482993196302278
1326,3032.6766,5827,5753,74,-11.941485368702358
1327,3034.3264,5882,5783,99,-13.255416335730336
1328,3035.9758,5903,5817,86,-14.409197020176773
1329,3037.6249,5897,5852,45,-15.388214870663292
1330,3039.2735,5914,5837,77,-16.209755545654296
1331,3040.9218,5901,5828,73,-16.89749590765388
1332,3042.5698,5865,5797,68,-17.400540768050195
1333,3044.2173,5831,5744,87,-17.663378291996995
1334,3045.8645,5816,5696,120,-17.635474290521163
1335,3047.5113,5833,5720,113,-17.268041077474834
1336,3049.1578,5808,5716,92,-16.592991159022873
1337,3050.8039,5760,5692,68,-15.6691528087402
1338,3052.4496,5773,5704,69,-14.534006291248255
1339,3054.095,5836,5774,62,-13.23551280176731
1340,3055.74,5824,5762,62,-11.809322228733533
1341,3057.3846,6080,6018,62,-10.280108871009153
1342,3059.0289,6004,5944,60,-8.703074973583693
1343,3060.6728,5820,5754,66,-7.1314980101045595
1344,3062.3163,5826,5749,77,-5.581136751278699
1345,3063.9595,5916,5853,63,-4.063428269853842
1346,3065.6024,5910,5849,61,-2.5771605237437214
1347,3067.2448,5806,5726,80,-1.1161319830036796
1348,3068.887,5766,5681,85,0.2881292657251677
1349,3070.5287,5791,5700,91,1.6002217450556273
1350,3072.1702,5796,5728,68,2.792465252564078
1351,3073.8112,5845,5778,67,3.8380260321011797
1352,3075.4519,5827,5773,54,4.742171564022584
1353,3077.0923,5781,5730,51,5.522541364601665
1354,3078.7323,5807,5734,73,6.185490109273697
1355,3080.372,5834,5734,100,6.74199740392482
1356,3082.0113,5818,5735,83,7.203837137302852
1357,3083.6503,5815,5742,73,7.579101741485857
1358,3085.2889,5796,5727,69,7.889186281163969
1359,3086.9272,5735,5691,44,8.155444013924377
1360,3088.5652,5827,5767,60,8.378378751068478
1361,3090.2028,5811,5741,70,8.55550945396849
1362,3091.84,5795,5713,82,8.68203040657335
1363,3093.477,5806,5737,69,8.750945897177143
1364,3095.1136,5815,5785,30,8.772311797474
1365,3096.7498,5823,5747,76,8.759642762283523
1366,3098.3857,5773,5712,61,8.720460638773158
1367,3100.0213,5771,5706,65,8.662982092155008
1368,3101.6566,5781,5736,45,8.587752537621451
1369,3103.2915,5791,5756,35,8.491050517420298
1370,3104.9261,5737,5699,38,8.376624996292538
1371,3106.5603,5782,5750,32,8.247410509576572
1372,3108.1942,5821,5753,68,8.099350123993876
1373,3109.8278,5892,5832,60,7.929450181815252
1374,3111.4611,5823,5794,29,7.731111401953214
1375,3113.0941,5790,5769,21,7.497487099715375
1376,3114.7267,5797,5727,70,7.236454034461278
1377,3116.359,5798,5716,82,6.959901901187305
1378,3117.9909,5852,5782,70,6.675387814883418
1379,3119.6226,5863,5795,68,6.391973924405299
1380,3121.2539,5813,5714,99,6.1156650015459775
1381,3122.8849,5806,5707,99,5.849427906129236
1382,3124.5156,5803,5702,101,5.6022101385018885
1383,3126.146,5792,5721,71,5.382049862197594
1384,3127.776,5779,5733,46,5.187252518598857
1385,3129.4057,5778,5721,57,5.014502898909871
1386,3131.0352,5763,5679,84,4.858340598504967
1387,3132.6643,5771,5677,94,4.711838588218157
1388,3134.2931,5784,5718,66,4.5763027399903144
1389,3135.9216,5835,5772,63,4.454456580133609
1390,3137.5497,5829,5768,61,4.345723417038254
1391,3139.1776,5773,5711,62,4.249989691575802
1392,3140.8051,5761,5706,55,4.163221328374803
1393,3142.4324,5752,5689,63,4.079086100442698
1394,3144.0593,5781,5718,63,3.996492288602596
1395,3145.686,5802,5736,66,3.914046981732561
1396,3147.3123,5818,5747,71,3.825530439994573
1397,3148.9383,5792,5731,61,3.7258820813665174
1398,3150.5641,5826,5780,46,3.607374628734
1399,3152.1895,5826,5745,81,3.4627714156253404
1400,3153.8146,5841,5732,109,3.296731260709805
1401,3155.4394,5853,5763,90,3.1171137610773023
1402,3157.064,5796,5761,35,2.9304414195857333
1403,3158.6882,5789,5758,31,2.7448469107929583
1404,3160.3121,5783,5754,29,2.56390694126501
1405,3161.9358,5794,5760,34,2.389378592060698
1406,3163.5591,5790,5729,61,2.227525583557128
1407,3165.1822,5814,5788,26,2.0841551964886804
1408,3166.8049,5776,5741,35,1.9622263859822127
1409,3168.4274,5755,5687,68,1.8650085756436603
1410,3170.0496,5769,5688,81,1.7925630353781052
1411,3171.6715,5767,5712,55,1.7444022553628322
1412,3173.2931,5789,5734,55,1.726117767202254
1413,3174.9144,5818,5746,72,1.7434374748735202
1414,3176.5355,5865,5797,68,1.801569801624126
1415,3178.1562,5826,5730,96,1.9056000141345102
1416,3179.7767,5755,5670,85,2.0533837346600556
1417,3181.3969,5812,5761,51,2.2400650207519064
1418,3183.0168,5833,5777,56,2.4635284823892754
1419,3184.6364,5786,5722,64,2.720629165935989
1420,3186.2558,5747,5675,72,3.0074766149571985
1421,3187.8749,5775,5729,46,3.3211199924637427
1422,3189.4937,5830,5788,42,3.6556275826397666
1423,3191.1122,5836,5768,68,4.0050026208512115
1424,3192.7304,5769,5739,30,4.369267627254008
1425,3194.3484,5815,5773,42,4.749661553005101
1426,3195.9661,5861,5778,83,5.146729946937981
1427,3197.5835,5837,5750,87,5.561657422269441
1428,3199.2007,5808,5728,80,5.992647431739016
1429,3200.8176,5774,5689,85,6.436668964864559
1430,3202.4342,5753,5690,63,6.893069464025746
1431,3204.0506,5842,5777,65,7.360847087400554
1432,3205.6667,5924,5863,61,7.837312690456798
1433,3207.2825,5872,5778,94,8.319958307441091
1434,3208.898,5777,5686,91,8.804647202696035
1435,3210.5133,5800,5729,71,9.286957461436348
1436,3212.1284,5817,5730,87,9.76605627937905
1437,3213.7432,5772,5703,69,10.241480816161815
1438,3215.3577,5802,5735,67,10.712156328254046
1439,3216.9719,5826,5743,83,11.177308023391117
1440,3218.5859,5820,5724,96,11.633083122910744
1441,3220.1997,5774,5691,83,12.074318815694856
1442,3221.8132,5780,5713,67,12.498577382526179
1443,3223.4264,5785,5707,78,12.903256517548257
1444,3225.0394,5827,5745,82,13.283826304748597
1445,3226.6521,5860,5780,80,13.636591963462216
1446,3228.2646,5841,5777,64,13.956569740713498
1447,3229.8768,5818,5734,84,14.239063899722375
1448,3231.4888,5830,5717,113,14.485490462841561
1449,3233.1006,5819,5702,117,14.699172398532717
1450,3234.7121,5868,5782,86,14.882233720253982
1451,3236.3233,5872,5780,92,15.037714204302851
1452,3237.9343,5787,5683,104,15.16769038424053
1453,3239.545,5765,5714,51,15.273410731100473
1454,3241.1556,5781,5741,40,15.358535864050832
1455,3242.7658,5774,5699,75,15.426735345795212
1456,3244.3759,5804,5720,84,15.478450104538233
1457,3245.9857,5783,5705,78,15.5137076283524
1458,3247.5952,5750,5667,83,15.532341385667934
1459,3249.2045,5790,5702,88,15.533820305159505
1460,3250.8136,5789,5717,72,15.520086160320421
1461,3252.4225,5800,5738,62,15.493763204808054
1462,3254.0311,5771,5732,39,15.456213784131752
1463,3255.6394,5763,5675,88,15.40898811052157
1464,3257.2476,5753,5669,84,15.353471485956849
1465,3258.8555,5754,5684,70,15.290562944807341
1466,3260.4632,5790,5705,85,15.222438924789834
1467,3262.0707,5815,5722,93,15.15129970049799
1468,3263.6779,5791,5693,98,15.077253777881857
1469,3265.2849,5798,5700,98,15.00031986949622
1470,3266.8917,6001,5902,99,14.920540700565919
1471,3268.4982,5877,5812,65,14.837762165007355
1472,3270.1046,5789,5707,82,14.754269198135383
1473,3271.7107,5841,5758,83,14.673316952970328
1474,3273.3166,5835,5770,65,14.596330000263752
1475,3274.9222,5850,5767,83,14.524880810877288
1476,3276.5277,5846,5758,88,14.461696339147771
1477,3278.1329,5810,5743,67,14.408914944701326
1478,3279.7379,5750,5689,61,14.369516155052114
1479,3281.3427,5753,5679,74,14.346327360412566
1480,3282.9473,6019,5919,100,14.338057567914948
1481,3284.5517,5961,5865,96,14.342058423336812
1482,3286.1559,5877,5767,110,14.356793228965458
1483,3287.7598,5805,5734,71,14.380108206767432
1484,3289.3636,5738,5689,49,14.409963338840992
1485,3290.9671,5765,5697,68,14.444924785621765
1486,3292.5704,5766,5664,102,14.481840500160462
1487,3294.1735,5786,5711,75,14.517536723220953
1488,3295.7764,5854,5757,97,14.551900959964929
1489,3297.3791,5825,5720,105,14.585398424587979
1490,3298.9816,5782,5674,108,14.618139058412215
1491,3300.5839,5831,5718,113,14.650581831812755
1492,3302.186,5853,5735,118,14.681573989226607
1493,3303.7879,5813,5706,107,14.70925903303312
1494,3305.3896,5748,5652,96,14.7332134819999
1495,3306.9911,5799,5695,104,14.752786287330707
1496,3308.5924,5805,5697,108,14.766175057159955
1497,3310.1935,5780,5703,77,14.771721285412845
1498,3311.7944,5808,5743,65,14.76664617472996
1499,3313.3951,5794,5746,48,14.74799127371178
1500,3314.9957,5767,5669,98,14.71542090795656
1501,3316.596,5792,5686,106,14.668893125067203
1502,3318.1961,5786,5683,103,14.607875077439633
1503,3319.7961,5744,5655,89,14.532098644083419
1504,3321.3958,5779,5695,84,14.439074789916695
1505,3322.9954,5765,5662,103,14.325295381600792
1506,3324.5948,5760,5651,109,14.189511000961165
1507,3326.194,5851,5765,86,14.03038290779078
1508,3327.793,5840,5761,79,13.844782505983222
1509,3329.3918,5747,5697,50,13.630229848294825
1510,3330.9905,5744,5675,69,13.383327668410043
1511,3332.5889,5792,5687,105,13.100903167825226
1512,3334.1872,5811,5714,97,12.78490226172051
1513,3335.7853,5762,5668,94,12.438949473087973
1514,3337.3832,5727,5636,91,12.065414276444574
1515,3338.981,5788,5695,93,11.667439173826281
1516,3340.5786,5776,5689,87,11.247744551069257
1517,3342.176,5797,5703,94,10.80832569323968
1518,3343.7732,5831,5724,107,10.353309199059009
1519,3345.3702,5847,5752,95,9.886825557343677
1520,3346.9671,5808,5747,61,9.40965470644273
1521,3348.5638,5808,5760,48,8.92205134221453
1522,3350.1604,5764,5713,51,8.424324489956774
1523,3351.7568,5755,5702,53,7.916407199180554
1524,3353.353,5787,5714,73,7.400489061038648
1525,3354.949,5820,5741,79,6.879498148901572
1526,3356.5449,5816,5750,66,6.354885660079383
1527,3358.1406,5772,5702,70,5.828352503823055
1528,3359.7361,5767,5703,64,5.302012639389336
1529,3361.3315,5831,5757,74,4.777563964055204
1530,3362.9267,5850,5792,58,4.258190453351723
1531,3364.5218,5772,5721,51,3.747153814381683
1532,3366.1167,5988,5945,43,3.2449914986386013
1533,3367.7114,5987,5921,66,2.75208976599842
1534,3369.306,5863,5796,67,2.268938962578382
1535,3370.9004,5821,5732,89,1.795788907875874
1536,3372.4947,5776,5688,88,1.3359447917716452
1537,3374.0888,5828,5762,66,0.8938744518262745
1538,3375.6828,5869,5786,83,0.47176406803919946
1539,3377.2766,5821,5728,93,0.07199888278992006
1540,3378.8703,5780,5728,52,-0.3018218427724051
1541,3380.4638,5780,5718,62,-0.6469232776141887
1542,3382.0572,5782,5687,95,-0.9592027844991726
1543,3383.6504,5744,5679,65,-1.2348482736060156
1544,3385.2435,5808,5730,78,-1.475302852178821
1545,3386.8364,5816,5718,98,-1.6835302296031927
1546,3388.4292,5804,5689,115,-1.8618134698282027
1547,3390.0219,5775,5687,88,-2.013238494387174
1548,3391.6144,5784,5703,81,-2.1394979291497194
1549,3393.2067,5748,5707,41,-2.2415690582872045
1550,3394.7989,5800,5761,39,-2.32253099550336
1551,3396.391,5832,5772,60,-2.3854101022656735
1552,3397.983,5813,5721,92,-2.43121455546736
1553,3399.5748,5812,5713,99,-2.460873063236253
1554,3401.1665,5772,5687,85,-2.474628820464112
1555,3402.758,5774,5702,72,-2.472478749289724
1556,3404.3494,5800,5750,50,-2.456892982383728
1557,3405.9407,5766,5726,40,-2.4307459909589753
1558,3407.5318,5720,5702,18,-2.3961892280214556
1559,3409.1228,5828,5753,75,-2.3555102948940494
1560,3410.7137,5811,5721,90,-2.309551975331935
1561,3412.3045,5802,5715,87,-2.258384352859405
1562,3413.8951,5775,5705,70,-2.203419866014496
1563,3415.4856,5718,5667,51,-2.145917139974749
1564,3417.076,5760,5696,64,-2.085756550257056
1565,3418.6662,5751,5684,67,-2.0229975288562514
1566,3420.2564,5727,5667,60,-1.957101304923036
1567,3421.8464,5741,5690,51,-1.8874132705876683
1568,3423.4363,5731,5661,70,-1.816100253279302
1569,3425.026,5728,5654,74,-1.746151392056177
1570,3426.6157,5755,5694,61,-1.679389316496568
1571,3428.2052,5763,5697,66,-1.6178700041116159
1572,3429.7946,5740,5657,83,-1.5635471539901893
1573,3431.3839,5727,5660,67,-1.5177170405607647
1574,3432.9731,5782,5709,73,-1.482826818864364
1575,3434.5622,5795,5727,68,-1.461109176519308
1576,3436.1512,5803,5740,63,-1.4520292778118247
1577,3437.74,5740,5700,40,-1.4543836449269207
1578,3439.3288,5739,5688,51,-1.4669146976360423
1579,3440.9174,5745,5670,75,-1.4879152912207019
1580,3442.5059,5733,5671,62,-1.517085892684758
1581,3444.0943,5779,5680,99,-1.554502688060012
1582,3445.6826,5778,5692,86,-1.5992012936406859
1583,3447.2708,5725,5682,43,-1.6502780141825255
1584,3448.859,5844,5791,53,-1.706984377310004
1585,3450.447,5842,5777,65,-1.7683107441110266
1586,3452.0349,5769,5656,113,-1.8340637820541161
1587,3453.6227,5807,5734,73,-1.9040784274758629
1588,3455.2104,5754,5707,47,-1.9768826595555709
1589,3456.798,5706,5645,61,-2.0510075160363357
1590,3458.3855,5755,5714,41,-2.1248903468716023
1591,3459.9729,5796,5738,58,-2.196981209677123
1592,3461.5602,5765,5699,66,-2.2675181528223654
1593,3463.1474,5731,5671,60,-2.3373320823280928
1594,3464.7345,5763,5676,87,-2.4067036847482903
1595,3466.3216,5783,5721,62,-2.4761457377973883
1596,3467.9085,5810,5771,39,-2.54604082387873
1597,3469.4954,5772,5693,79,-2.6165283646961868
1598,3471.0821,5779,5691,88,-2.688413597088452
1599,3472.6688,5953,5906,47,-2.7624982898552233
1600,3474.2554,5883,5844,39,-2.838439911850031
1601,3475.8419,5773,5689,84,-2.9156917694711098
1602,3477.4283,5738,5660,78,-2.9936947650704937
1603,3479.0147,5747,5671,76,-3.0717664488378027
1604,3480.6009,5772,5701,71,-3.1498977415676457
1605,3482.1871,5743,5678,65,-3.2282961803203705
1606,3483.7732,5764,5692,72,-3.3068035905370188
1607,3485.3592,5815,5774,41,-3.385310370537745
1608,3486.9451,5839,5781,58,-3.4636979165652093
1609,3488.531,5764,5710,54,-3.541770160634563
1610,3490.1168,5707,5633,74,-3.6195863872823786
1611,3491.7025,5780,5678,102,-3.6972215393820953
1612,3493.2881,5795,5711,84,-3.7744189863791604
1613,3494.8737,5745,5702,43,-3.850936802931198
1614,3496.4592,5780,5717,63,-3.926464208214849
1615,3498.0446,5795,5750,45,-4.000694366184295
1616,3499.63,5728,5681,47,-4.073809267059296
1617,3501.2152,5705,5625,80,-4.146107883762621
1618,3502.8005,5750,5679,71,-4.217790823131825
1619,3504.3856,5724,5674,50,-4.289090119558971
1620,3505.9707,5727,5685,42,-4.360098185050518
1621,3507.5557,5728,5678,50,-4.4307963372148365
1622,3509.1407,5712,5662,50,-4.5014108223359415
1623,3510.7255,5693,5677,16,-4.572111072513142
1624,3512.3104,5700,5669,31,-4.642840942384662
1625,3513.8952,5711,5656,55,-4.713528025104054
1626,3515.4799,5726,5683,43,-4.783876246002674
1627,3517.0645,5790,5729,61,-4.853556508220738
1628,3518.6491,5776,5696,80,-4.922726516011139
1629,3520.2337,5860,5792,68,-4.991556694279019
1630,3521.8181,5891,5836,55,-5.060205988307089
1631,3523.4026,5771,5709,62,-5.128878550179476
1632,3524.987,5711,5644,67,-5.197160174466809
1633,3526.5713,5712,5648,64,-5.264463320031094
1634,3528.1556,5716,5638,78,-5.330517457611403
1635,3529.7398,5757,5696,61,-5.394976620418731
1636,3531.324,5803,5752,51,-5.457538898802433
1637,3532.9081,5787,5750,37,-5.5180676081758655
1638,3534.4922,5710,5692,18,-5.576021369406391
1639,3536.0762,5758,5687,71,-5.6309380882294136
1640,3537.6602,5786,5702,84,-5.683149743385126
1641,3539.2442,5815,5736,79,-5.733068024504206
1642,3540.8281,5797,5731,66,-5.781420428611856
1643,3542.412,5773,5710,63,-5.829061591366887
1644,3543.9958,5735,5679,56,-5.875837677427409
1645,3545.5796,5793,5735,58,-5.921484313437919
1646,3547.1633,5787,5744,43,-5.966021455952546
1647,3548.7471,5720,5701,19,-6.009399943013143
1648,3550.3307,6048,5985,63,-6.052318494060131
1649,3551.9144,5997,5927,70,-6.095886826670622
1650,3553.498,5716,5695,21,-6.140324649960835
1651,3555.0816,5785,5760,25,-6.185926558489662
1652,3556.6651,5786,5722,64,-6.2337341132767925
1653,3558.2486,5716,5642,74,-6.2845659616464715
1654,3559.8321,5764,5727,37,-6.3397209929310705
1655,3561.4156,5764,5715,49,-6.400428820918666
1656,3562.999,5776,5700,76,-6.465811712634814
1657,3564.5824,5753,5687,66,-6.534433508847222
1658,3566.1658,5708,5663,45,-6.605208095074918
1659,3567.7492,5768,5699,69,-6.676759629520188
1660,3569.3325,5792,5699,93,-6.748415125766872
1661,3570.9158,5778,5704,74,-6.819891661404942
1662,3572.4991,5814,5751,63,-6.889941748747773
1663,3574.0824,5758,5671,87,-6.957424893528735
1664,3575.6656,5704,5659,45,-7.022155647951703
1665,3577.2489,5716,5679,37,-7.083947392250849
1666,3578.8321,5723,5672,51,-7.14323438541269
1667,3580.4153,5751,5683,68,-7.2006432550520785
1668,3581.9985,5737,5681,56,-7.255148787817472
1669,3583.5816,5964,5909,55,-7.305562048787113
1670,3585.1648,5906,5833,73,-7.351224292797951
1671,3586.7479,5769,5688,81,-7.391374710202506
1672,3588.3311,5791,5725,66,-7.426613659777207
1673,3589.9142,5770,5726,44,-7.458280261020359
1674,3591.4973,5776,5754,22,-7.486366435488765
1675,3593.0804,5755,5710,45,-7.51104146813649
1676,3594.6635,5746,5716,30,-7.5340488113056345
1677,3596.2466,5729,5702,27,-7.556930166284051
1678,3597.8297,5799,5745,54,-7.581900192511874
1679,3599.4128,5838,5815,23,-7.611281765148089
1680,3600.9959,5815,5763,52,-7.644125044199914
1681,3602.579,5743,5676,67,-7.678524641278077
1682,3604.1621,5778,5747,31,-7.713956604070873
1683,3605.7452,5789,5732,57,-7.7495492566756035
1684,3607.3282,5785,5699,86,-7.784643292474481
1685,3608.9113,5813,5755,58,-7.81938727658828
1686,3610.4944,5749,5720,29,-7.852223107601024
1687,3612.0775,5693,5643,50,-7.881861639394607
1688,3613.6606,5710,5660,50,-7.910463904076277
1689,3615.2438,5776,5723,53,-7.940773940656271
1690,3616.8269,5754,5693,61,-7.976040415511015
1691,3618.41,5752,5694,58,-8.020008157762888
1692,3619.9932,5798,5769,29,-8.073469622417289
1693,3621.5763,5755,5746,9,-8.136571609458667
1694,3623.1595,5736,5703,33,-8.210870534557642
1695,3624.7427,5823,5768,55,-8.297601030297159
1696,3626.3258,5838,5765,73,-8.398925622383587
1697,3627.9091,5755,5688,67,-8.517844567877052
1698,3629.4923,5735,5645,90,-8.654906810559115
1699,3631.0755,5714,5647,67,-8.810606749593813
1700,3632.6588,5767,5748,19,-8.988292857227005
1701,3634.2421,5767,5712,55,-9.190886551844567
1702,3635.8254,5741,5702,39,-9.421782192519483
1703,3637.4087,5755,5702,53,-9.684225014090238
1704,3638.992,5735,5671,64,-9.975977548567524
1705,3640.5754,5717,5672,45,-10.29288388615608
1706,3642.1588,5737,5696,41,-10.632598379277251
1707,3643.7422,5784,5711,73,-10.991972572426203
1708,3645.3257,5763,5719,44,-11.367645348175106
1709,3646.9091,5763,5699,64,-11.757029169311284
1710,3648.4926,5740,5672,68,-12.15520197817829
1711,3650.0762,5718,5660,58,-12.557210534637449
1712,3651.6597,5948,5889,59,-12.962650222019757
1713,3653.2433,5913,5845,68,-13.372008292010822
1714,3654.827,5761,5733,28,-13.78530070717893
1715,3656.4106,5754,5704,50,-14.20305592920268
1716,3657.9943,5755,5710,45,-14.623327871388902
1717,3659.5781,5766,5738,28,-15.043154803209948
1718,3661.1618,5742,5720,22,-15.461648439443412
1719,3662.7457,5744,5688,56,-15.877606042021569
1720,3664.3295,5795,5766,29,-16.288421475837357
1721,3665.9134,5771,5749,22,-16.691823689225284
1722,3667.4973,5719,5699,20,-17.0836892573416
1723,3669.0813,5755,5722,33,-17.459691332224956
1724,3670.6653,5796,5758,38,-17.8193584738261
1725,3672.2494,5775,5713,62,-18.162528656058026
1726,3673.8335,5767,5716,51,-18.48864090548136
1727,3675.4176,5863,5809,54,-18.79748072933361
1728,3677.0018,5797,5753,44,-19.08493936662334
1729,3678.5861,5756,5711,45,-19.345384975160314
1730,3680.1704,5749,5712,37,-19.576297768634905
1731,3681.7547,5733,5688,45,-19.77491981074855
1732,3683.3391,5963,5924,39,-19.93672828014724
1733,3684.9236,5922,5892,30,-20.058305525606638
1734,3686.5081,5760,5689,71,-20.13436040688685
1735,3688.0927,5746,5702,44,-20.16003977596979
1736,3689.6773,5720,5694,26,-20.137709779483163
1737,3691.262,5801,5750,51,-20.07177241051531
1738,3692.8467,5877,5812,65,-19.965893276878226
1739,3694.4315,5784,5740,44,-19.824853152069732
1740,3696.0163,5807,5771,36,-19.65103284433768
1741,3697.6012,5876,5817,59,-19.44581933872895
1742,3699.1862,5814,5755,59,-19.213491988372486
1743,3700.7713,5810,5790,20,-18.958204669456315
1744,3702.3564,5772,5764,8,-18.681953712590946
1745,3703.9415,5763,5715,48,-18.386886869338277
1746,3705.5268,5744,5700,44,-18.073670214196387
1747,3707.1121,5731,5697,34,-17.742670070188275
1748,3708.6974,5731,5717,14,-17.39801918053308
1749,3710.2829,5740,5748,-8,-17.044237213725072
1750,3711.8684,5749,5727,22,-16.685185891235786
1751,3713.4539,5772,5736,36,-16.32486287049153
1752,3715.0396,5821,5790,31,-15.96394794889039
1753,3716.6253,5835,5766,69,-15.601683614147628
1754,3718.2111,5856,5776,80,-15.239395772638765
1755,3719.797,5832,5763,69,-14.877990240147493
1756,3721.3829,5870,5834,36,-14.516963134016805
1757,3722.9689,5942,5921,21,-14.15633260655019
1758,3724.5551,5861,5793,68,-13.794612926358752
1759,3726.1412,5774,5688,86,-13.430237769389894
1760,3727.7275,5736,5681,55,-13.066203857819154
1761,3729.3138,5879,5809,70,-12.706594076150658
1762,3730.9003,5841,5778,63,-12.354368285032777
1763,3732.4868,5758,5722,36,-12.012939488822447
1764,3734.0734,5785,5744,41,-11.684330920205149
1765,3735.66,5762,5722,40,-11.369529989985146
1766,3737.2468,5747,5710,37,-11.071556892861786
1767,3738.8337,6078,6007,71,-10.793040720655512
1768,3740.4206,5997,5901,96,-10.533782115969132
1769,3742.0076,5820,5770,50,-10.293281682296652
1770,3743.5948,5823,5813,10,-10.069796393537871
1771,3745.182,5763,5747,16,-9.861100023383116
1772,3746.7693,5769,5709,60,-9.66834839701226
1773,3748.3567,5848,5774,74,-9.493068655736963
1774,3749.9442,5802,5769,33,-9.335840082015046
1775,3751.5318,5773,5758,15,-9.197430662918627
1776,3753.1194,5811,5783,28,-9.076018524167168
1777,3754.7072,5834,5750,84,-8.96859644218273
1778,3756.2951,5794,5707,87,-8.874562589469292
1779,3757.8831,5757,5706,51,-8.793071549954156
1780,3759.4712,5842,5777,65,-8.721432187510494
1781,3761.0593,5859,5793,66,-8.657633365561693
1782,3762.6476,5881,5847,34,-8.59809964791367
1783,3764.236,5917,5883,34,-8.539470790893617
1784,3765.8245,5824,5777,47,-8.484135093975176
1785,3767.4131,5761,5684,77,-8.435914623973417
1786,3769.0018,5797,5726,71,-8.398122442121512
1787,3770.5906,5784,5723,61,-8.374836386144203
1788,3772.1795,5742,5687,55,-8.367539999033582
1789,3773.7686,5760,5712,48,-8.376750283025231
1790,3775.3577,5768,5704,64,-8.40527181886278
1791,3776.947,5792,5731,61,-8.455629636030793
1792,3778.5363,5826,5753,73,-8.52906575967451
1793,3780.1258,5885,5833,52,-8.62714929863747
1794,3781.7154,5858,5796,62,-8.749405027689512
1795,3783.3051,5932,5852,80,-8.89504891067287
1796,3784.8949,5846,5809,37,-9.06693888282166
1797,3786.4849,5739,5700,39,-9.267966247376854
1798,3788.0749,5844,5770,74,-9.5006090201775
1799,3789.6651,5847,5776,71,-9.767341943486308
1800,3791.2554,5780,5722,58,-10.066145158397859
1801,3792.8458,5773,5730,43,-10.393174913892103
1802,3794.4364,5887,5852,35,-10.746824605827577
1803,3796.0271,5846,5793,53,-11.124830293712563
1804,3797.6179,5835,5766,69,-11.523549556679022
1805,3799.2088,5848,5773,75,-11.93996197732595
1806,3800.7998,5796,5715,81,-12.36906200879615
1807,3802.391,5839,5780,59,-12.805751379513765
1808,3803.9823,5947,5894,53,-13.250202725033539
1809,3805.5737,6155,6125,30,-13.703840508987916
1810,3807.1653,6096,6084,12,-14.166831947572895
1811,3808.757,5870,5869,1,-14.639906531155553
1812,3810.3488,6003,5960,43,-15.122019449933553
1813,3811.9408,5941,5867,74,-15.61093624471156
1814,3813.5329,5845,5778,67,-16.106878608371858
1815,3815.1251,5878,5822,56,-16.609681243406918
1816,3816.7175,5837,5800,37,-17.115989573587846
1817,3818.31,5929,5850,79,-17.622220658112838
1818,3819.9026,5900,5839,61,-18.12332876266202
1819,3821.4954,5890,5839,51,-18.613811367661818
1820,3823.0883,5919,5873,46,-19.09245883814866
1821,3824.6814,6026,5974,52,-19.558674041977596
1822,3826.2746,6328,6281,47,-20.010692132000443
1823,3827.868,6058,6019,39,-20.44715842310844
1824,3829.4614,5771,5735,36,-20.86373273361866
1825,3831.0551,5785,5740,45,-21.254663443133936
1826,3832.6489,5793,5719,74,-21.617586276332517
1827,3834.2428,5792,5730,62,-21.950047719491998
1828,3835.8369,5813,5773,40,-22.246761730596546
1829,3837.4311,5799,5745,54,-22.5033719044509
1830,3839.0255,5796,5764,32,-22.71409429267139
1831,3840.62,5808,5773,35,-22.8735011893166
1832,3842.2147,5800,5735,65,-22.98398545642252
1833,3843.8096,5786,5744,42,-23.050357953102736
1834,3845.4046,5807,5770,37,-23.075926716090628
1835,3846.9997,5822,5760,62,-23.06518439824321
1836,3848.595,5824,5752,72,-23.021244177544613
1837,3850.1905,5954,5909,45,-22.946141112015287
1838,3851.7861,5939,5904,35,-22.845073130625952
1839,3853.3819,5871,5787,84,-22.72320363899178
1840,3854.9778,5785,5746,39,-22.581768512928672
1841,3856.5739,5984,5944,40,-22.42160393101737
1842,3858.1702,5973,5904,69,-22.24292954296115
1843,3859.7666,5817,5750,67,-22.045505902424235
1844,3861.3632,5797,5733,64,-21.832743623363328
1845,3862.96,5766,5757,9,-21.60885104876618
1846,3864.5569,5822,5822,0,-21.376521484342643
1847,3866.154,5870,5842,28,-21.13871215543051
1848,3867.7512,5884,5815,69,-20.897191097927116
1849,3869.3487,5816,5746,70,-20.65278191015428
1850,3870.9463,5775,5734,41,-20.408371950396393
1851,3872.544,5801,5741,60,-20.1667491956021
1852,3874.142,5935,5893,42,-19.927974277617146
1853,3875.7401,5990,5939,51,-19.692195655514112
1854,3877.3384,5892,5849,43,-19.459013311630862
1855,3878.9368,5837,5767,70,-19.22780263418825
1856,3880.5355,5940,5844,96,-19.00231186273058
1857,3882.1343,5901,5836,65,-18.78765739986222
1858,3883.7333,6101,6023,78,-18.586725855741754
1859,3885.3324,6034,5932,102,-18.40275023627865
1860,3886.9318,5802,5751,51,-18.239350165783698
1861,3888.5313,5920,5884,36,-18.09905159495301
1862,3890.131,5932,5888,44,-17.986269438454727
1863,3891.7309,5884,5851,33,-17.90504287617931
1864,3893.331,5893,5816,77,-17.854167341748493
1865,3894.9313,5907,5835,72,-17.831106912464108
1866,3896.5317,5870,5798,72,-17.833424714257347
1867,3898.1323,5804,5738,66,-17.857883551808833
1868,3899.7332,5864,5823,41,-17.903585853081054
1869,3901.3342,5856,5800,56,-17.97033995699958
1870,3902.9354,5825,5777,48,-18.0559478912691
1871,3904.5368,5845,5823,22,-18.15831585738028
1872,3906.1383,5894,5847,47,-18.276064241231516
1873,3907.7401,5930,5877,53,-18.407475963222765
1874,3909.3421,5884,5832,52,-18.552218102804417
1875,3910.9443,5834,5770,64,-18.71007446635536
1876,3912.5466,5858,5783,75,-18.878205710556863
1877,3914.1492,5961,5905,56,-19.053702394650074
1878,3915.7519,5913,5864,49,-19.233673164683317
1879,3917.3549,5810,5746,64,-19.415232106744938
1880,3918.958,5891,5791,100,-19.598598606584304
1881,3920.5613,5977,5887,90,-19.785133795557833
1882,3922.1649,5896,5840,56,-19.974938326353048
1883,3923.7686,5834,5788,46,-20.168487166824185
1884,3925.3726,6093,6035,58,-20.366529398453736
1885,3926.9768,6049,5987,62,-20.569323654150892
1886,3928.5811,6086,6019,67,-20.778388995436273
1887,3930.1857,5984,5912,72,-20.995250787701274
1888,3931.7905,5825,5746,79,-21.218721923874618
1889,3933.3954,5838,5753,85,-21.447034473586122
1890,3935.0006,5876,5819,57,-21.67875286928348
1891,3936.606,5937,5889,48,-21.912117384563906
1892,3938.2116,5870,5824,46,-22.146610699546763
1893,3939.8174,5818,5775,43,-22.3822518078412
1894,3941.4235,5801,5732,69,-22.61801331008423
1895,3943.0297,5920,5839,81,-22.853001107077475
1896,3944.6362,5926,5852,74,-23.087182435457386
1897,3946.2429,5923,5866,57,-23.32047276142817
1898,3947.8497,5879,5849,30,-23.553479869028244
1899,3949.4569,5854,5838,16,-23.786984184880268
1900,3951.0642,5848,5789,59,-24.020222016346338
1901,3952.6717,5887,5790,97,-24.252322493541776
1902,3954.2795,5861,5789,72,-24.482681346061007
1903,3955.8875,5895,5828,67,-24.710591517805398
1904,3957.4957,5917,5857,60,-24.93670087528009
1905,3959.1041,5918,5852,66,-25.162216282046757
1906,3960.7128,5927,5855,72,-25.387310447796672
1907,3962.3216,5882,5808,74,-25.612259062283037
1908,3963.9307,5831,5776,55,-25.838016521074557
1909,3965.5401,6018,5988,30,-26.065194689111387
1910,3967.1496,5947,5902,45,-26.295095945674383
1911,3968.7594,5895,5853,42,-26.52895024641301
1912,3970.3694,6151,6108,43,-26.765562304747206
1913,3971.9797,6019,5964,55,-27.003140205996708
1914,3973.5901,5835,5770,65,-27.240108602412242
1915,3975.2009,5917,5867,50,-27.474601797126702
1916,3976.8118,5891,5854,37,-27.705720605460925
1917,3978.423,5925,5876,49,-27.93300421164782
1918,3980.0344,5927,5864,63,-28.155009892847215
1919,3981.646,5865,5829,36,-28.370414186725984
1920,3983.2579,5852,5817,35,-28.57853928902397
1921,3984.87,5991,5929,62,-28.778613190516644
1922,3986.4824,5988,5892,96,-28.970607757140776
1923,3988.095,5895,5792,103,-29.15462256927011
1924,3989.7078,5860,5768,92,-29.3293286337774
1925,3991.3209,5872,5794,78,-29.49335183010702
1926,3992.9342,5877,5824,53,-29.64555605216514
1927,3994.5478,5884,5830,54,-29.78481859053911
1928,3996.1616,5871,5840,31,-29.911562251091908
1929,3997.7757,5944,5906,38,-30.02691630569793
1930,3999.39,5970,5919,51,-30.131102040998307
1931,4001.0045,5946,5888,58,-30.224573444497594
1932,4002.6193,5910,5837,73,-30.308529794995156
1933,4004.2343,5915,5834,81,-30.383965890830556
1934,4005.8496,5906,5843,63,-30.452544731531987
1935,4007.4652,6107,6081,26,-30.51599416908056
1936,4009.081,6163,6108,55,-30.573959435630076
1937,4010.697,6001,5920,81,-30.625539908714522
1938,4012.3133,5907,5861,46,-30.670563392025084
1939,4013.9299,5893,5881,12,-30.708643598930326
1940,4015.5467,5957,5900,57,-30.73972433966596
1941,4017.1638,5925,5860,65,-30.76424592780893
1942,4018.7811,5854,5802,52,-30.781692032567342
1943,4020.3987,6143,6070,73,-30.791699453623664
1944,4022.0165,6166,6090,76,-30.795665209393256
1945,4023.6346,5928,5874,54,-30.795305056943583
1946,4025.253,5876,5802,74,-30.79254528602523
1947,4026.8716,5951,5881,70,-30.78956340117231
1948,4028.4905,5921,5871,50,-30.787131135955903
1949,4030.1096,5979,5913,66,-30.785663120769392
1950,4031.729,5948,5893,55,-30.78636561644909
1951,4033.3487,5910,5853,57,-30.79028458011082
1952,4034.9687,5925,5846,79,-30.798680329432777
1953,4036.5889,5886,5831,55,-30.813173455113983
1954,4038.2094,5993,5952,41,-30.834238292376263
1955,4039.8301,5950,5902,48,-30.862257784907897
1956,4041.4511,5911,5832,79,-30.899233595218867
1957,4043.0724,5986,5903,83,-30.94703741768746
1958,4044.694,5943,5873,70,-31.007530911272234
1959,4046.3158,5900,5848,52,-31.082545300108116
1960,4047.9379,5883,5839,44,-31.17138794396051
1961,4049.5603,5921,5846,75,-31.27232805664569
1962,4051.1829,5943,5875,68,-31.384874594781202
1963,4052.8059,5949,5918,31,-31.508186913520035
1964,4054.4291,5960,5908,52,-31.64053730398549
1965,4056.0526,5957,5893,64,-31.78056655363052
1966,4057.6763,5928,5853,75,-31.925818932742402
1967,4059.3004,5905,5819,86,-32.07377555364961
1968,4060.9247,5908,5899,9,-32.2249751139362
1969,4062.5493,5918,5892,26,-32.38076206061092
1970,4064.1742,6074,5982,92,-32.54150938549666
1971,4065.7994,6084,5980,104,-32.707915604686086
1972,4067.4248,5924,5867,57,-32.8799807854449
1973,4069.0506,5940,5889,51,-33.0569988131613
1974,4070.6766,5977,5908,69,-33.23971023643465
1975,4072.3029,6021,5961,60,-33.428653028075416
1976,4073.9295,5964,5886,78,-33.62188043364715
1977,4075.5564,5968,5883,85,-33.8171093414664
1978,4077.1836,5978,5920,58,-34.01149362724076
1979,4078.8111,5928,5904,24,-34.20182852251164
1980,4080.4388,6134,6116,18,-34.38735720860429
1981,4082.0669,6116,6079,37,-34.567835359838455
1982,4083.6952,5970,5943,27,-34.74192431706816
1983,4085.3239,5929,5900,29,-34.908576887204156
1984,4086.9528,5968,5916,52,-35.065793146790234
1985,4088.5821,5965,5890,75,-35.21087047385631
1986,4090.2116,5974,5909,65,-35.34313247765056
1987,4091.8414,6009,5937,72,-35.46198567594581
1988,4093.4715,5990,5920,70,-35.56440484754518
1989,4095.102,5998,5932,66,-35.64772316977938
1990,4096.7327,6030,5937,93,-35.70893916716779
1991,4098.3637,6085,6042,43,-35.745173655455176
1992,4099.995,6104,6050,54,-35.758138346995175
1993,4101.6267,6003,5900,103,-35.75125458556324
1994,4103.2586,5933,5852,81,-35.72613754872199
1995,4104.8908,6021,5976,45,-35.68510393694205
1996,4106.5234,6058,5979,79,-35.631164440088085
1997,4108.1562,6026,5937,89,-35.566657054493966
1998,4109.7894,5999,5944,55,-35.49591417997998
1999,4111.4229,5978,5920,58,-35.42331859515953
2000,4113.0566,5972,5946,26,-35.34875721316294
2001,4114.6907,6051,5997,54,-35.27114005018814
2002,4116.3251,6029,5992,37,-35.19029096158046
2003,4117.9598,6209,6132,77,-35.105545644014825
2004,4119.5948,6133,6052,81,-35.01796380657697
2005,4121.2302,5968,5919,49,-34.929643553051264
2006,4122.8658,6007,5932,75,-34.84054499796475
2007,4124.5018,6004,5906,98,-34.750991121289395
2008,4126.1381,6004,5918,86,-34.66380121408773
2009,4127.7746,6030,5970,60,-34.58189255670003
2010,4129.4116,6020,5997,23,-34.509524506661734
2011,4131.0488,5971,5930,41,-34.45127957845327
2012,4132.6863,6028,5935,93,-34.40804581692979
2013,4134.3242,6064,5961,103,-34.38019273672376
2014,4135.9624,6041,5957,84,-34.36906584049059
2015,4137.6009,6018,5946,72,-34.375650425091415
2016,4139.2397,5971,5921,50,-34.4035053233136
2017,4140.8789,6026,5973,53,-34.45748405462899
2018,4142.5184,6002,5952,50,-34.53934788603909
2019,4144.1582,5984,5910,74,-34.65093050752604
2020,4145.7983,5977,5927,50,-34.796777809510246
2021,4147.4388,6003,5924,79,-34.98063952903338
2022,4149.0796,6029,5932,97,-35.20736657558615
2023,4150.7207,6131,6018,113,-35.48153351596228
2024,4152.3621,6060,5979,81,-35.8007188823506
2025,4154.0039,6094,6033,61,-36.16021722065932
2026,4155.646,6137,6094,43,-36.55704329971936
2027,4157.2884,6130,6080,50,-36.98716536034599
2028,4158.9312,6185,6115,70,-37.447109322056804
2029,4160.5743,6086,6037,49,-37.93435532478733
2030,4162.2178,6011,5966,45,-38.443510675233654
2031,4163.8615,6106,6025,81,-38.969149509871116
2032,4165.5057,6119,6064,55,-39.510420629250255
2033,4167.1501,6124,6059,65,-40.06714831029241
2034,4168.7949,6069,5990,79,-40.639117403255355
2035,4170.44,6039,6003,36,-41.22660145778871
2036,4172.0855,6105,6044,61,-41.82684077310439
2037,4173.7313,6197,6106,91,-42.43606877804435
2038,4175.3774,6236,6179,57,-43.052474766473786
2039,4177.0239,6144,6095,49,-43.67393861858591
2040,4178.6708,6075,5985,90,-44.29781604165964
2041,4180.3179,6072,5988,84,-44.921988115399685
2042,4181.9655,6200,6137,63,-45.542454291383876
2043,4183.6133,6162,6103,59,-46.155052423740514
2044,4185.2615,6102,6069,33,-46.75917680574902
2045,4186.9101,6253,6206,47,-47.35439318125083
2046,4188.559,6253,6206,47,-47.940116817404586
2047,4190.2083,6253,6206,47,-48.5160940787149
